Country,StAbb,Year,Democracy,Pres,Notes,LeaderIdeologyScore,PresSecond,RunnerUpIdeologyScore,PresVotes,PresSecondVotes,PresOtherVotes,PresWinner,PresRunnerUp,WinnerIncumbent,RunnerUpIncumbent,WinnerPartyInc,RunnerUpPartyInc,StartDay,StartMonth,StartYear,EndDay,EndMonth,EndYear,LeaderStartDay,LeaderStartMonth,LeaderStartYear,LeaderEndDay,LeaderEndMonth,LeaderEndYear,PreviousLeaderStartDay,PreviousLeaderStartMonth,PreviousLeaderStartYear,PreviousLeaderEndDay,PreviousLeaderEndMonth,PreviousLeaderEndYear,PresRunnerUPSource,StartDate,EndDate,Days,PreviousDate,DisputesInitiated,PreviousDisputesInitiated,PreviousTermDisputesInitiated,HighDisputesInitiated,PreviousHighDisputesInitiated,PreviousTermHighDisputesInitiated,AllDisputes,AllPreviousDisputes,AllPreviousTermDisputes,AllHighDisputes,AllPreviousHighDisputes,AllPreviousTermHighDisputes,RevisionistDisputes,PreviousRevisionistDisputes,PreviousTermRevisionistDisputes,HighRevisionistDisputes,PreviousHighRevisionistDisputes,PreviousTermHighRevisionistDisputes,FYDisputesInitiated,FYHighDisputesInitiated,FYAllDisputes,FYAllHighDisputes,FYRevisionist,FYHighRevisionist,PreviousTermStartDate,PreviousTermEndDate,PreviousTermDays,irst,milex,milper,pec,tpop,upop
Afghanistan,AFG,2009,0,Independent,,NA,United National Front,3,49.63,30.59,19.78,Hamid Karzai,Abdullah Abdullah,1,0,1,0,20,9,2009,31,12,2010,20,9,2009,31,12,2010,7,12,2004,20,9,2009,Wiki,9/20/09,12/31/10,467,6/10/08,0,0,0.417620137299771,0,0,0.417620137299771,0.781584582441114,0.781584582441114,1.25286041189931,0.781584582441114,0.781584582441114,1.25286041189931,0,0,0.417620137299771,0,0,0.208810068649886,0,0,0,0,0,0,12/7/04,9/20/09,1748,0,153000,50,725.6503,22488,5456
Angola,ANG,1992,0,Peoples Movement for the Liberation of Angola,,2,National Union of the Total Independence of Angola,4,49.57,40.07,10.36,Jose Eduardo dos Santos,Jonas Savimbi,1,0,1,0,30,10,1992,1,1,1996,27,8,1992,1,1,1996,10,9,1979,27,8,1992,Wiki,8/27/92,1/1/96,1222,4/23/89,0.298690671031097,0,0.0770855332629356,0.298690671031097,0,0.0770855332629356,0.298690671031097,0,0.0770855332629356,0.298690671031097,0,0.0770855332629356,0,0,0,0,0,0,0,0,0,0,0,0,9/10/79,8/27/92,4735,10,-9,128,10819.23,10609,1751
Austria,AUS,1951,1,SPO,,2,OVP,4,52.06,47.94,0,Theodor Korner,Heinrich Gleibner,0,0,1,0,21,6,1951,22,3,1953,21,6,1951,4,1,1957,20,12,1945,31,12,1950,Wiki,6/21/51,1/4/57,2024,12/5/45,0,0,0,0,0,0,0,0,0,0,0,0,0,0,0,0,0,0,0,0,0,0,0,0,12/20/45,12/31/50,1837,NA,NA,NA,NA,NA,NA
Austria,AUS,1957,1,SPO,,2,OVP,4,51.1,48.9,0,Adolf Scharf,Wolfgang Denk,0,0,1,0,4,1,1957,10,6,1959,22,5,1957,22,5,1963,21,6,1951,4,1,1957,World Biographical Information Systems,5/22/57,5/22/63,2191,5/23/51,0.333181195801004,0,0,0,0,0,0.333181195801004,0,0,0,0,0,0,0,0,0,0,0,0,0,0,0,0,0,6/21/51,1/4/57,2024,2509,65923,23,11465,6966,2273
Austria,AUS,1963,1,SPO,,2,OVP,4,55.4,40.6,4,Adolf Scharf,Julius Raab,1,0,1,0,22,5,1963,9,6,1965,22,5,1963,28,2,1965,22,5,1957,22,5,1963,Wiki,5/22/63,2/28/65,648,8/12/61,0,0,0.333181195801004,0,0,0,0,0,0.333181195801004,0,0,0,0,0,0,0,0,0,0,0,0,0,0,0,5/22/57,5/22/63,2191,2947,100851,75,13994,7176,2297
Austria,AUS,1965,1,SPO,,2,OVP,4,50.7,49.3,0,Franz Jonas,Alfons Gorbach,0,1,1,0,9,6,1965,6,4,1966,9,6,1965,9,6,1971,22,5,1963,28,2,1965,Wiki,6/9/65,6/9/71,2191,6/10/59,0,0.333181195801004,0,0,0,0,0,0.333181195801004,0,0,0,0,0,0,0,0,0,0,0,0,0,0,0,0,5/22/63,2/28/65,648,3221,114302,55,13880,7271,2326
Austria,AUS,1971,1,SPO,,2,OVP,4,52.8,47.2,0,Franz Jonas,Kurt Waldheim,1,0,1,1,9,6,1971,8,7,1974,9,6,1971,24,4,1974,9,6,1965,9,6,1971,Wiki,6/9/71,4/24/74,1050,7/24/68,0,0,0,0,0,0,0,0,0,0,0,0,0,0,0,0,0,0,0,0,0,0,0,0,6/9/65,6/9/71,2191,3960,172276,60,26335.07,7500,2310
Austria,AUS,1974,1,Ind,,2,OVP,4,51.7,48.3,0,Rudolf Kirchschlager,Alois Lugger,0,0,0,0,8,7,1974,5,11,1975,8,7,1974,8,7,1980,9,6,1971,8,7,1974,Wiki,7/8/74,7/8/80,2192,7/7/68,0,0,0,0,0,0,0,0,0,0,0,0,0,0,0,0,0,0,0,0,0,0,0,0,6/9/71,7/8/74,1125,4699,351210,60,30568.16,7599,2322
Austria,AUS,1986,1,Ind,,4,SPO,2,53.9,46.1,0,Kurt Waldheim,Kurt Steyrer,0,0,0,1,23,12,1986,7,11,1990,8,7,1986,8,7,1992,8,7,1980,8,7,1986,Wiki,7/8/86,7/8/92,2192,7/7/80,0,0,0,0,0,0,0.166514598540146,0,0,0,0,0,0.166514598540146,0,0,0,0,0,0,0,0,0,0,0,7/8/80,7/8/86,2191,4292,1230000,39,51714.46,7588,2292
Austria,AUS,1992,1,Ind,,4,SPO,2,56.9,41.1,0,Thomas Klestil,Rudolf Streicher,0,0,0,0,8,8,1992,9,11,1994,8,7,1992,8,7,1998,8,7,1986,8,7,1992,Wiki,7/8/92,7/8/98,2191,7/9/86,0,0,0,0,0,0,0,0.166590597900502,0.166514598540146,0,0,0,0,0.166590597900502,0.166514598540146,0,0,0,0,0,0,0,0,0,7/8/86,7/8/92,2192,3936,1660000,52,51444.36,7914,2261
Austria,AUS,2004,1,SPO,,2,OVP,4,52.4,47.8,0,Heinz Fischer,Benita Ferrero-Warner,0,0,0,1,8,8,2004,1,11,2006,8,7,2004,8,7,2010,8,7,1998,6,7,2004,Wiki,7/8/04,7/8/10,2191,7/9/98,0,0,0,0,0,0,0,0,0,0,0,0,0,0,0,0,0,0,0,0,0,0,0,0,7/8/98,7/6/04,2190,6530,2250000,37,75509.98,8175,2384
Benin,BEN,1970,1,Democratic Party,,NA,Dahomeyan Progressive Union,1,36.6,32.3,31.1,Justin Ahomadegbe-Tometin,Sourou-Migan Apithy,0,0,0,0,7,5,1972,26,10,1972,7,5,1972,26,10,1972,7,5,1970,7,5,1972,Wiki,5/7/72,10/26/72,172,11/17/71,0,0,0,0,0,0,0,0,0,0,0,0,0,0,0,0,0,0,0,0,0,0,0,0,5/7/70,5/7/72,731,0,4321,2,945.0153,2718,192
Benin,BEN,1996,1,Ind,,NA,RPB,2,52.5,47.5,0,Nicephore Soglo,Mathieu Kerekou,0,1,0,1,6,4,1996,30,4,1999,4,4,1996,5,4,2001,4,4,1991,4,4,1996,Wiki,4/4/96,4/5/01,1827,4/4/91,0,0,0,0,0,0,0,0,0,0,0,0,0,0,0,0,0,0,0,0,0,0,0,0,4/4/91,4/4/96,1827,0,27000,8,2208.061,5594,981
Bolivia,BOL,1934,0,Genuine Republican Party,,NA,Liberal Party,1,59.2,40.8,0,Franz Tamayo Solares,Juan Maria Zalles,0,0,1,0,11,12,1934,13,4,1938,28,11,1934,17,5,1936,NA,NA,NA,28,11,1934,http://www.rree.gob.bo/webmre/listacancilleres/canciller.aspx?imagen=Juan%20Maria%20Zalles%20C..JPG&texto=JUAN%20MARIA%20ZALLES%20CALDERON.txt,11/28/34,5/17/36,536,6/10/33,0.680970149253731,0,NA,0,0,NA,1.36194029850746,0,NA,0,0,NA,1.36194029850746,0,NA,0,0,0.0117678092530445,1,0,1,0,0.00273972602739726,0,NA,11/28/34,341185,0,26826,23,29,2510,186
Bolivia,BOL,1947,0,Revolutionary Socialist Unity Party,Party is Republican Socialist Unity Party,4,Liberal Party,1,47.2,46.8,6,Enrique Hertzog Garaizabal,Luis Fernando Guachalla,0,0,0,0,5,2,1947,6,6,1951,10,3,1947,22,10,1949,NA,NA,NA,10,3,1947,http://www.andesacd.org/luis-fernando-guachalla/,3/10/47,10/22/49,957,7/26/44,0,0,NA,0,0,NA,0,0,NA,0,0,NA,0,0,NA,0,0,0.0147828854109411,0,0,0,0,0,0,NA,3/10/47,345670,0,4642,9,88,2920,315
Brazil,BRA,1891,0,Ind,,NA,Ind,5,129,97,6,Deodoro da Fonseca,Prudente de Morais,1,0,1,0,26,2,1891,1,4,1894,26,2,1891,23,11,1891,NA,NA,NA,26,2,1891,Wiki,1891-02-26,1891-11-23,270,1890-06-01,0,0,NA,0,0,NA,0,0,NA,0,0,NA,0,0,NA,0,0,0.00561184483633401,0,0,0,0,0,0,NA,1891-02-26,325205,0,-9,39,537,14506,974
Brazil,BRA,1922,0,Mineiro Republican Party,,NA,Republican Reaction,5,56,38.1,5.9,Artur Bernardes,Nilo Pecanha,0,0,0,0,1,4,1922,1,4,1926,15,11,1922,14,11,1926,NA,NA,NA,15,11,1922,Wiki,11/15/22,11/14/26,1460,11/16/18,0,0,NA,0,0,NA,0,0,NA,0,0,NA,0,0,NA,0,0,0.00650258767358791,0,0,0,0,0,0,NA,11/15/22,336789,0,62111,53,2015,28542,2719
Brazil,BRA,1930,0,Republican Party of Sao Paulo,,NA,Liberal Alliance,2,57.7,39.2,3.1,Julio Prestes,Getulio Vargas,0,0,1,0,1,4,1930,17,8,1934,1,1,1930,1,1,1930,NA,NA,NA,1,1,1930,Wiki,1/1/30,1/1/30,0,1/1/30,NA,NA,NA,NA,NA,NA,NA,NA,NA,NA,NA,NA,NA,NA,NA,NA,NA,0.00645269643157048,0,0,0,0,0,0,NA,1/1/30,339393,21,54335,57,3330,33568,3205
Brazil,BRA,1950,0,Brazilian Labour Party,,NA,National Democratic Union,5,48.7,29.7,21.6,Getulio Vargas,Eduardo Gomes,0,0,0,0,3,11,1950,3,11,1954,31,1,1951,24,8,1954,NA,NA,NA,31,1,1951,Wiki,1/31/51,8/24/54,1301,7/10/47,0,0,NA,0,0,NA,0,0,NA,0,0,NA,0,0,NA,0,0,0.00630954816144376,0,0,0,0,0,0,NA,1/31/51,347093,789,336538,231,2528,51944,6873
Brazil,BRA,1955,0,Social Democratic Party,,NA,National Democratic Union,4,35.7,30.3,34,Juscelino Kubitschek,Juarez Tavora,0,0,1,0,3,11,1954,3,11,1954,31,1,1956,31,1,1961,NA,NA,NA,31,1,1956,Wiki,1/31/56,1/31/61,1827,1/30/51,0.199781061850027,0,NA,0,0,NA,0.199781061850027,0,NA,0,0,NA,0.199781061850027,0,NA,0,0,0.00627652836331641,0,0,0,0,0,0,NA,1/31/56,348919,1162,234210,107,7693,60640,9546
Brazil,BRA,1960,0,NLP-NDU-CDP,,NA,SDP-BLP,1,48.3,32.9,18.8,Janio Quadros,Henrique Teixeira Lott,0,0,0,1,3,11,1958,7,11,1962,31,1,1961,25,8,1961,NA,NA,NA,31,1,1961,Wiki,1/31/61,8/25/61,206,7/9/60,0,0,NA,0,0,NA,0,0,NA,0,0,NA,0,0,NA,0,0,0.00728447366470323,0,0,0,0,0.00273972602739726,0,NA,1/31/61,350746,2260,268931,241,15452,72594,17692
Brazil,BRA,1989,1,PRN,,4,PT,1,53.03,46.97,5.82,Fernando Collor de Mello,Luiz Inacio,0,0,0,0,15,12,1989,3,11,1990,15,3,1990,29,12,1992,21,4,1985,14,3,1990,Wiki,3/15/90,12/29/92,1020,5/30/87,0,0,0,0,0,0,0,0,0,0,0,0,0,0,0,0,0,0,0,0,0,0,0,0,4/21/85,3/14/90,1788,25005,5839000,319,348633.2,142307,73334
Bulgaria,BUL,1992,1,SDS,,2,Ind,2,52.8,47.2,0,Zhelyu Zhelev,Velko Valkanov,1,0,1,0,19,2,1992,18,1,1995,22,1,1992,22,1,1997,15,11,1990,22,1,1992,Wiki,1/22/92,1/22/97,1827,1/21/87,0,0.199781061850027,0,0,0.199781061850027,0,0,0.199781061850027,0,0,0.199781061850027,0,0,0.199781061850027,0,0,0.199781061850027,0,0,0,0,0,0,0,11/15/90,1/22/92,433,1551,1310000,99,48280.17,8540,2751
Bulgaria,BUL,1996,1,SDS,,4,BSP,2,59.7,40.3,0,Petar Stoyanov,Ivan Marazov,0,0,1,0,22,1,1997,19,5,1997,22,1,1997,22,1,2002,22,1,1992,22,1,1997,Wiki,1/22/97,1/22/02,1826,1/23/92,0,0,0,0,0,0,0,0,0,0,0,0,0,0,0,0,0,0,0,0,0,0,0,0,1/22/92,1/22/97,1827,2457,373000,80,58965.61,8356,2713
Bulgaria,BUL,2001,1,BSP,,2,SDS,4,54.1,45.9,0,Georgi Parvanov,Peter Stoyanov,0,1,0,1,22,1,2002,25,7,2005,22,1,2002,22,1,2007,22,1,1997,22,1,2002,Wiki,1/22/02,1/22/07,1826,1/22/97,0,0,0,0,0,0,0,0,0,0,0,0,0,0,0,0,0,0,0,0,0,0,0,0,1/22/97,1/22/02,1826,1972,365000,77,41097.53,7913,2438
Cameroon,CAO,1992,0,Cameroon People's Democratic Movement,,NA,Social Democratic Front,NA,40,36,24,Paul Biya,John Fru Ndi,1,0,1,0,11,11,1992,12,11,1997,11,11,1992,12,11,1997,NA,NA,NA,11,11,1992,Wiki,11/11/92,11/12/97,1827,11/11/87,0.599343185550082,0,NA,0.599343185550082,0,NA,0.599343185550082,0,NA,0.599343185550082,0,NA,0.599343185550082,0,NA,0.599343185550082,0,0.00100730503128165,0,0,0,0,0,0,NA,11/11/92,362353,0,134080,12,4812.401,12142,1872
Cape Verde,CAP,2001,1,PAICV,,2,MpD,3,50.001,49.999,0,Pedro Pires,Carlos Viega,0,0,0,1,22,3,2001,22,3,2006,22,3,2001,22,3,2006,22,3,1996,22,3,2001,Wiki,3/22/01,3/22/06,1826,3/22/96,0,0,0,0,0,0,0,0,0,0,0,0,0,0,0,0,0,0,0,0,0,0,0,0,3/22/96,3/22/01,1826,0,4000,1,21.42854,445,0
Cape Verde,CAP,2006,1,PAICV,Based exclusively on social; would be center left on econ.,4,MpD,3,50.98,49.02,0,Pedro Pires,Carlos Viega,1,0,1,0,22,3,2006,31,12,2010,22,3,2006,31,12,2010,22,3,2001,22,3,2006,Wiki,3/22/06,12/31/10,1745,6/11/01,0,0,0,0,0,0,0,0,0,0,0,0,0,0,0,0,0,0,0,0,0,0,0,0,3/22/01,3/22/06,1826,0,7000,1,32.3581,483,0
Central African Republic,CEN,1981,0,Central African Democratic Union,,NA,Movement for the Liberation of the Central African Republic,NA,51.1,38.77,0,David Dacko,Ange-Felix Patasse,0,1,1,0,15,4,1981,25,11,1992,1,9,1981,21,9,1985,NA,NA,NA,1,9,1981,Wiki,9/1/81,9/21/85,1481,8/12/77,0,0,NA,0,0,NA,0,0,NA,0,0,NA,0,0,NA,0,0,0,0,0,0,0,0,0,NA,9/1/81,358264,NA,NA,NA,NA,NA,NA
Central African Republic,CEN,1993,0,Movement for the Liberation of the Central African Republic,,NA,Patriotic Front,NA,53.49,46.51,0,Ange-Felix Patasse,Abel Goumba,0,0,0,0,19,10,1993,19,10,1999,22,10,1993,19,10,1999,NA,NA,NA,22,10,1993,Wiki,10/22/93,10/19/99,2188,10/26/87,0,0,NA,0,0,NA,0,0,NA,0,0,NA,0,0,NA,0,0,0,0,0,0,0,0,0,NA,10/22/93,362698,NA,NA,NA,NA,NA,NA
Colombia,COL,1942,0,Liberal,,NA,Liberal,2,58.6,41.4,0,Alfonso Lopez Pumarejo,Carlos Arango Velez,0,0,1,1,3,6,1942,1,3,1943,7,8,1942,7,8,1946,NA,NA,NA,7,8,1942,Wiki,8/7/42,8/7/46,1461,8/7/38,0.249828884325804,0,NA,0.249828884325804,0,NA,0.499657768651608,0,NA,0.249828884325804,0,NA,0,0,NA,0,0,0.00742745513003134,0,0,0,0,0,0,NA,8/7/42,343994,0,9142,-9,2010,9540,1231
Colombia,COL,1946,0,Conservative,,NA,Liberal,2,41.4,32.3,26.3,Mariano Ospina Perez,Gabriel Turbay,0,0,0,1,5,6,1946,16,4,1947,7,8,1946,7,8,1950,NA,NA,NA,7,8,1946,Wiki,8/7/46,8/7/50,1461,8/7/42,0,0.249828884325804,NA,0,0.249828884325804,NA,0,0.499657768651608,NA,0,0.249828884325804,NA,0,0,NA,0,0,0.00739604289994355,0,0,0,0,0,0,NA,8/7/46,345455,0,16331,17,2404,10530,1582
Colombia,COL,1970,0,Conservative,,NA,National Popular Alliance,1,40.7,39.1,20.3,Misael Pastrana Borrero,Gustavo Rojas Pinilla,0,0,0,0,19,5,1970,21,5,1974,7,8,1970,7,8,1974,NA,NA,NA,7,8,1970,Wiki,8/7/70,8/7/74,1461,8/7/66,0,0,NA,0,0,NA,0,0,NA,0,0,NA,0,0,NA,0,0,0.00721301108629923,0,0,0,0,0,0,NA,8/7/70,354221,239,167206,45,22515.09,20527,7895
Colombia,COL,1978,1,Lib,,2,Con,5,49.5,46.6,3.8,Julio Cesar Turbay Ayala,Belisario Betancur C.,0,0,1,0,4,7,1978,14,4,1982,7,8,1978,7,8,1982,7,8,1974,7,8,1978,Wiki,8/7/78,8/7/82,1461,8/7/74,0.249828884325804,0,0,0,0,0,0.499657768651608,0,0,0.249828884325804,0,0,0.249828884325804,0,0,0,0,0,0,0,0,0,0,0,8/7/74,8/7/78,1461,265,168359,60,29705.83,24906,9145
Colombia,COL,1982,1,Con,,5,Lib,1,46.8,41,12.2,Belisario Betancur,Alfonso Lopez Michelsen,0,0,0,1,30,6,1982,9,4,1986,7,8,1982,7,8,1986,7,8,1978,7,8,1982,Wiki,8/7/82,8/7/86,1461,8/7/78,0,0.249828884325804,0.249828884325804,0,0,0,0,0.499657768651608,0.499657768651608,0,0.249828884325804,0.249828884325804,0,0.249828884325804,0.249828884325804,0,0,0,0,0,0,0,0.00273972602739726,0.00273972602739726,8/7/78,8/7/82,1461,422,420228,70,33478.27,26965,10023
Colombia,COL,1994,1,Lib,,2,Con,5,51.1,48.9,0,Ernesto Samper Pizano,Andres Pastrana Arango,0,0,1,0,13,4,1994,8,4,1998,7,8,1994,7,8,1998,7,8,1990,7,8,1994,Wiki,8/7/94,8/7/98,1461,8/7/90,0,0,0,0,0,0,0,0,0,0,0,0,0,0,0,0,0,0,0,0,0,0,0,0,8/7/90,8/7/94,1461,694,1183000,146,46686.65,34520,15940
Colombia,COL,1998,1,Con,,4,Lib,1,51.9,48.1,0,Andres Pastrana Arango,Horacio Serpa Uribe,0,0,0,1,8,4,1998,10,4,2002,7,8,1998,7,8,2002,7,8,1994,7,8,1998,Wiki,8/7/98,8/7/02,1461,8/7/94,0.249828884325804,0,0,0.249828884325804,0,0,0.249828884325804,0,0,0.249828884325804,0,0,0,0,0,0,0,0,0,0,0,0,0,0,8/7/94,8/7/98,1461,636,2574000,154,50994.97,40803,19230
Costa Rica,COS,1913,0,Republican Party,,NA,National Union,2,42.3,30.8,26.9,Maximo Fernandez Alvarado,Carlos Duran Cartin,0,0,1,0,7,1,1914,5,1,1916,8,5,1914,27,1,1917,NA,NA,NA,8,5,1914,Wiki,5/8/14,1/27/17,995,8/17/11,0,0,NA,0,0,NA,0,0,NA,0,0,NA,0,0,NA,0,0,0,0,0,0,0,0,0,NA,5/8/14,333676,NA,NA,NA,NA,NA,NA
Costa Rica,COS,1923,0,Republican Party,,NA,Agricultural Party,4,42.2,37.5,20.3,Ricardo Jimenez Oreamuno,Alberto Echandi Montero,0,0,0,0,2,1,1924,6,1,1926,8,5,1924,8,5,1928,NA,NA,NA,8,5,1924,Wiki,5/8/24,5/8/28,1461,5/8/20,0,0.249828884325804,NA,0,0.249828884325804,NA,0,0.249828884325804,NA,0,0.249828884325804,NA,0,0.249828884325804,NA,0,0.249828884325804,0.00108202970986781,0,0,0,0,0,0,NA,5/8/24,337329,0,397,1,0,440,0
Costa Rica,COS,1928,0,National Union,,NA,Republican Party,2,59.2,40.8,0,Cleto Gonzalez Viquez,Carlos Maria Jimenez Ortiz,0,0,0,1,12,3,1928,9,3,1930,8,5,1928,8,5,1932,NA,NA,NA,8,5,1928,World Biographical Information Systems,5/8/28,5/8/32,1461,5/8/24,0,0,NA,0,0,NA,0,0,NA,0,0,NA,0,0,NA,0,0,0.00107736355854659,0,0,0,0,0,0,NA,5/8/28,338790,0,675,0,12,480,0
Costa Rica,COS,1932,0,Independent National Republican Party,,NA,Republican Union,2,46.7,29.1,24.2,Ricardo Jimenez Oreamuno,Manuel Castro Quesada,0,0,0,0,14,3,1932,11,3,1934,8,5,1932,8,5,1936,NA,NA,NA,8,5,1932,Wiki,5/8/32,5/8/36,1461,5/8/28,0,0,NA,0,0,NA,0,0,NA,0,0,NA,0,0,NA,0,0,0.00107273747909631,0,0,0,0,0,0,NA,5/8/32,340251,0,632,0,7,520,0
Costa Rica,COS,1948,0,National Unity Party,,NA,Independent National Republican Party,2,55.3,44.7,0,Otilio Ulate Blanco,Rafael Angel Calderon Guardia,0,0,0,1,8,3,1948,8,1,1949,8,5,1948,7,11,1949,NA,NA,NA,8,5,1948,Wiki,5/8/48,11/7/49,548,11/7/46,0,0,NA,0,0,NA,0.666058394160584,0.666058394160584,NA,0.666058394160584,0,NA,0,0,NA,0,0,0.00105462373047863,0,0,1,1,0,0,NA,5/8/48,346095,0,3051,1,19,750,0
Costa Rica,COS,1958,1,NUP,Coding based on social not econ,4,PLN,2,46.4,42.8,10.8,Mario Echandi Jimenez,Francisco J. Orllch B.,0,0,0,1,8,5,1958,8,5,1962,8,5,1958,8,5,1962,8,5,1953,8,5,1958,Wiki,5/8/58,5/8/62,1461,5/8/54,0,0.249828884325804,0.199890470974808,0,0,0,0,0.249828884325804,0.399780941949617,0,0,0.199890470974808,0,0,0.199890470974808,0,0,0,0,0,0,0,0,0,5/8/53,5/8/58,1826,0,2328,0,45,1153,102
Costa Rica,COS,1966,1,NUP,Coding based on social not econ,4,PLN,2,50.5,49.5,0,Jose Joaquin Trejos Fernandez,Daniel Oduber Quiros,0,0,0,1,8,5,1966,8,5,1970,8,5,1966,8,5,1970,8,5,1962,8,5,1966,Wiki,5/8/66,5/8/70,1461,5/8/62,0,0,0,0,0,0,0,0,0,0,0,0,0,0,0,0,0,0,0,0,0,0,0,0,5/8/62,5/8/66,1461,0,2556,2,86,1541,183
Costa Rica,COS,1970,1,PLN,,2,NUP,4,54.8,41.2,4,Jose Figueres Ferrer,Mario Echandi Jimenez,0,0,0,1,8,5,1970,8,5,1974,8,5,1970,8,5,1974,8,5,1966,8,5,1970,Wiki,5/8/70,5/8/74,1461,5/8/66,0,0,0,0,0,0,0,0,0,0,0,0,0,0,0,0,0,0,0,0,0,0,0,0,5/8/66,5/8/70,1461,0,4135,2,1331.138,1727,206
Costa Rica,COS,1974,1,PLN,,2,NUP,4,43.4,30.4,26.2,Daniel Oduber Quiros,Fernando Trejos Escalante,0,0,1,0,8,5,1974,8,5,1978,8,5,1974,8,5,1978,8,5,1970,8,5,1974,Wiki,5/8/74,5/8/78,1461,5/8/70,0,0,0,0,0,0,0.249828884325804,0,0,0,0,0,0,0,0,0,0,0,0,0,0,0,0,0,5/8/70,5/8/74,1461,0,10802,2,1665.256,1922,221
Costa Rica,COS,1978,1,PUSC,,4,PLN,2,50.5,43.8,5.7,Rodrigo Carazo Odio,Luis Albertoli Monge Alvarez,0,0,0,1,8,5,1978,8,5,1982,8,5,1978,8,5,1982,8,5,1974,8,5,1978,Wiki,5/8/78,5/8/82,1461,5/8/74,0,0,0,0,0,0,0.249828884325804,0.249828884325804,0.249828884325804,0.249828884325804,0,0,0,0,0,0,0,0,0,0,1,1,0,0,5/8/74,5/8/78,1461,0,22054,5,1901.061,2115,243
Costa Rica,COS,1986,1,PLN,,2,PUSC,4,52.3,45.8,2,Oscar Arias Sanchez,Rafael Calderon Fournier,0,0,1,0,8,5,1986,8,5,1990,8,5,1986,8,5,1990,8,5,1982,8,5,1986,Wiki,5/8/86,5/8/90,1461,5/8/82,0,0,0,0,0,0,0.249828884325804,0.499657768651608,0.499657768651608,0.249828884325804,0.499657768651608,0.499657768651608,0,0,0,0,0,0,0,0,0,0,0,0,5/8/82,5/8/86,1461,0,30900,8,2639.423,2716,384
Costa Rica,COS,1990,1,PUSC,,4,PLN,2,51.5,47.2,1.3,Rafael Calderon Fournier,Carlos Castillo,0,0,0,1,8,5,1990,8,5,1994,8,5,1990,8,5,1994,8,5,1986,8,5,1990,http://wvw.nacion.com/ln_ee/1999/febrero/22/pais2.html,5/8/90,5/8/94,1461,5/8/86,0,0,0,0,0,0,0,0.249828884325804,0.249828884325804,0,0.249828884325804,0.249828884325804,0,0,0,0,0,0,0,0,0,0,0,0,5/8/86,5/8/90,1461,0,62670,8,2798.469,2805,529
Costa Rica,COS,1994,1,PLN,,2,PUSC,4,49.6,47.7,2.7,Jose M. Figueres Olsen,Miguel A. Rodriguez,0,0,0,1,8,5,1994,8,5,1998,8,5,1994,8,5,1998,8,5,1990,8,5,1994,Wiki,5/8/94,5/8/98,1461,5/8/90,0.249828884325804,0,0,0.249828884325804,0,0,0.249828884325804,0,0,0.249828884325804,0,0,0,0,0,0,0,0,1,1,1,1,0,0,5/8/90,5/8/94,1461,0,25000,8,3070.233,3266,674
Costa Rica,COS,1998,1,PUSC,,4,PLN,2,47,44.6,8.4,Miguel A. Rodriguez,Jose M. Corrales,0,0,0,1,8,5,1998,8,5,2002,8,5,1998,8,5,2002,8,5,1994,8,5,1998,Wiki,5/8/98,5/8/02,1461,5/8/94,0,0.249828884325804,0.249828884325804,0,0.249828884325804,0.249828884325804,0.249828884325804,0.249828884325804,0.249828884325804,0,0.249828884325804,0.249828884325804,0.249828884325804,0,0,0,0,0,0,0,1,0,0.00273972602739726,0,5/8/94,5/8/98,1461,0,70000,10,2010.375,3841,752
Costa Rica,COS,2002,1,PUSC,,4,PLN,2,58,42,0,Abel Pacheco,Rolando Araya,0,0,1,0,8,5,2002,8,5,2006,8,5,2002,8,5,2006,8,5,1998,8,5,2002,Wiki,5/8/02,5/8/06,1461,5/8/98,0,0,0,0,0,0,0,0.249828884325804,0.249828884325804,0,0,0,0,0.249828884325804,0.249828884325804,0,0,0,0,0,0,0,0,0,5/8/98,5/8/02,1461,0,96000,0,3097.125,3998,904
Costa Rica,COS,2006,1,PLN,,2,PAC,2,40.9,39.8,19.3,Oscar Arias Sanchez,Otton Solis,0,0,0,0,8,5,2006,8,5,2010,8,5,2006,8,5,2010,8,5,2002,8,5,2006,Wiki,5/8/06,5/8/10,1461,5/8/02,0,0,0,0,0,0,0,0,0,0,0,0,0,0,0,0,0,0,0,0,0,0,0,0,5/8/02,5/8/06,1461,0,123000,0,4074.602,4354,972
Croatia,CRO,2000,1,HNS,,2,HSLS,4,56.01,43.99,0,Stjepan Mesic,Drazen Budisa,0,0,0,0,2,6,2001,23,12,2003,18,2,2000,18,2,2005,15,7,1997,10,12,1999,Wiki,2/18/00,2/18/05,1827,2/17/95,0.199781061850027,0.399562123700055,0,0,0.199781061850027,0,0.399562123700055,0.399562123700055,0,0,0.199781061850027,0,0.199781061850027,0,0,0,0,0,0,0,1,0,0,0,7/15/97,12/10/99,878,71,509000,61,15687.68,4473,1028
Cuba,CUB,1912,0,Conjuncion Patriotica,,NA,Liberal Party,NA,51.98,48.02,0,Mario Garcia Menocal,Alfredo Zayas y Alfonso,0,0,0,1,1,12,1912,1,12,1916,20,5,1913,20,5,1917,NA,NA,NA,20,5,1913,Wiki,5/20/13,5/20/17,1461,5/20/09,0.249828884325804,0,NA,0.249828884325804,0,NA,0.249828884325804,0,NA,0.249828884325804,0,NA,0,0,NA,0,0,0,0,0,0,0,0,0,NA,5/20/13,333323,0,-9,5,16,2360,316
Cuba,CUB,1920,0,National League,,NA,None,NA,54.31,45.69,0,Alfredo Zayas y Alfonso,Jose Miguel Gomez,0,0,0,0,1,12,1920,1,12,1924,20,5,1921,20,5,1925,NA,NA,NA,20,5,1921,Wiki,5/20/21,5/20/25,1461,5/20/17,0,0,NA,0,0,NA,0,0,NA,0,0,NA,0,0,NA,0,0,0,0,0,0,0,0,0,NA,5/20/21,336245,0,16979,18,21,3000,378
Cuba,CUB,1936,0,Tripartate Coalition,,NA,Mario Garcia Menocal,NA,30.55,22.83,46.62,Miguel Mariano Gomez,Mario Garcia Menocal,0,0,0,0,10,2,1936,14,8,1940,20,5,1936,24,12,1936,NA,NA,NA,20,5,1936,Wiki,5/20/36,12/24/36,218,10/15/35,0,0,NA,0,0,NA,0,0,NA,0,0,NA,0,0,NA,0,0,0,0,0,0,0,0,0,NA,5/20/36,341724,0,18385,16,34,4110,944
Cuba,CUB,1940,0,Democratic Socialist Coalition,,NA,Opposition Front,NA,56.7,40.3,3,Fulgencio Batista,Ramon Grau San Martin,0,0,0,0,14,8,1940,1,7,1944,10,10,1940,10,10,1944,NA,NA,NA,10,10,1940,Wiki,10/10/40,10/10/44,1461,10/10/36,0.499657768651608,0,NA,0.499657768651608,0,NA,0.499657768651608,0,NA,0.499657768651608,0,NA,0,0,NA,0,0,0,0,0,0,0,0,0,NA,10/10/40,343328,0,17416,19,44,4290,1042
Cuba,CUB,1944,0,Autentico-Republican Alliance,,NA,Socialist-Popular Coalition,NA,55.39,44.61,0,Ramon Grau San Maartin,Carlos Saladrigras Zayas,0,0,0,0,1,7,1944,1,7,1948,10,10,1944,10,10,1948,NA,NA,NA,10,10,1944,Wiki,10/10/44,10/10/48,1461,10/10/40,0,0.499657768651608,NA,0,0.499657768651608,NA,0,0.499657768651608,NA,0,0.499657768651608,NA,0,0,NA,0,0,0,0,0,0,0,0,0,NA,10/10/44,344789,0,-9,20,56,4850,1173
Cuba,CUB,1948,0,Autentico-Republican Alliance,,NA,Liberal-Democratic Coalition,NA,45.8,30.3,23.9,Carlos Prio Socarras,Ricardo Nunez Portuondo,0,0,1,0,1,7,1948,1,12,1954,10,10,1948,10,3,1952,NA,NA,NA,10,10,1948,Wiki,10/10/48,3/10/52,1247,5/12/45,0,0,NA,0,0,NA,0,0,NA,0,0,NA,0,0,NA,0,0,0,0,0,0,0,0,0,NA,10/10/48,346250,0,39943,18,97,5287,1298
Cyprus,CYP,1988,1,AKEL,,2,DISY,4,51.6,48.4,0,George Vassiliou,Glafcos Clerides,0,0,0,1,28,2,1988,19,5,1991,28,2,1988,28,2,1993,28,2,1983,28,2,1988,Wiki,2/28/88,2/28/93,1827,2/27/83,0,0,0,0,0,0,0.399562123700055,0,0,0.399562123700055,0,0,0,0,0,0,0,0,0,0,2,1,0,0,2/28/83,2/28/88,1826,0,124830,13,1329.006,664,286
Cyprus,CYP,1993,1,DISY,Clerides founded the Democratic Rally party,4,AKEL,1,50.3,49.7,0,Glafcos Clerides,George Vassiliou,0,1,0,1,28,2,1993,26,6,1996,28,2,1993,28,2,1998,28,2,1988,28,2,1993,Wiki,2/28/93,2/28/98,1826,2/29/88,0.199890470974808,0,0,0.199890470974808,0,0,0.399780941949617,0.399780941949617,0.399562123700055,0.399780941949617,0.399780941949617,0.399562123700055,0.199890470974808,0,0,0,0,0,1,1,1,1,0,0,2/28/88,2/28/93,1827,0,489000,10,1468.093,718,316
Cyprus,CYP,1998,1,DISY,,4,AKEL,2,50.8,49.2,0,Glafcos Clerides,George Iacovou,1,0,1,0,28,2,1998,27,6,2001,28,2,1998,28,2,2003,28,2,1993,28,2,1998,Wiki,2/28/98,2/28/03,1826,2/28/93,0,0.199890470974808,0.199890470974808,0,0.199890470974808,0.199890470974808,0,0.399780941949617,0.399780941949617,0,0.399780941949617,0.399780941949617,0,0.199890470974808,0.199890470974808,0,0,0,0,0,0,0,0,0,2/28/93,2/28/98,1826,0,509000,12,1938.591,771,347
Cyprus,CYP,2003,1,DIKO,,2,DISY,4,51.51,38.8,9.69,Tassos Papadopoulos,Glafcos Clerides,0,1,0,1,28,2,2003,21,6,2006,28,2,2003,28,2,2008,28,2,1998,28,2,2003,Wiki,2/28/03,2/28/08,1826,2/28/98,0,0,0,0,0,0,0,0,0,0,0,0,0,0,0,0,0,0,0,0,0,0,0,0,2/28/98,2/28/03,1826,0,302000,10,1954.59,721,371
Cyprus,CYP,2008,1,AKEL,,2,DISY,4,53.37,46.63,0,Dimitris Christofias,Ionnis Kasoulidis,0,0,0,0,28,2,2008,31,12,2010,28,2,2008,31,12,2010,28,2,2003,28,2,2008,Wiki,2/28/08,12/31/10,1037,4/27/05,0,0,0,0,0,0,0,0,0,0,0,0,0,0,0,0,0,0,0,0,0,0,0,0,2/28/03,2/28/08,1826,0,498000,10,664.4106,784,391
Democratic Republic of the Congo,DRC,2006,0,Independent,,NA,MLC,NA,58.05,41.95,0,Joseph Kabila,Jean-Pierre Bemba,1,0,1,0,30,7,2006,31,12,2010,30,7,2006,31,12,2010,NA,NA,NA,30,7,2006,Wiki,7/30/06,12/31/10,1615,2/26/02,0,0,NA,0,0,NA,0,0,NA,0,0,NA,0,0,NA,0,0,0,0,0,0,0,0,0,NA,7/30/06,367362,NA,NA,NA,NA,NA,NA
Dominican Republic,DOM,1966,0,Reformist Party,,NA,Dominican Revolutionary Party,1,57.7,39,3.3,Joaquin Balaguer,Juan Bosch,0,0,0,1,1,7,1966,16,6,1970,1,7,1966,1,7,1970,NA,NA,NA,1,7,1966,Wiki,7/1/66,7/1/70,1461,7/1/62,0,0,NA,0,0,NA,0,0.249828884325804,NA,0,0,NA,0,0,NA,0,0,0.00310441904837507,0,0,0,0,0,0,NA,7/1/66,352723,0,32400,19,77,3926,576
Dominican Republic,DOM,1978,1,Rev,,2,Ref,5,52.4,43,4.6,S. Antonio Guzman,Joaquin Balaguer,0,1,0,1,16,6,1978,16,6,1982,16,8,1978,16,8,1982,16,8,1974,16,8,1978,Wiki,8/16/78,8/16/82,1461,8/16/74,0,0,0,0,0,0,0,0,0,0,0,0,0,0,0,0,0,0,0,0,0,0,0,0,8/16/74,8/16/78,1461,0,87100,19,3709.767,5431,1734
Dominican Republic,DOM,1982,1,Rev,,2,Ref,5,46.7,38.6,14.7,Salvador Jorge Blanco,Joaquin Balaguer,0,0,1,0,16,6,1982,16,6,1986,16,8,1982,16,8,1986,16,8,1978,4,7,1982,Wiki,8/16/82,8/16/86,1461,8/16/78,0.249828884325804,0,0,0,0,0,0.249828884325804,0,0,0,0,0,0,0,0,0,0,0,0,0,0,0,0,0,8/16/78,7/4/82,1418,0,128000,25,3667.692,5978,2061
Dominican Republic,DOM,1986,1,SocChrist,,4,Rev,2,41.6,39.2,19.2,Joaquin Balaguer,Jacobo Majluta,0,0,0,1,16,6,1986,16,6,1990,16,8,1986,16,8,1990,16,8,1982,16,8,1986,Wiki,8/16/86,8/16/90,1461,8/16/82,0.249828884325804,0.249828884325804,0.249828884325804,0,0,0,0.249828884325804,0.249828884325804,0.249828884325804,0,0,0,0,0,0,0,0,0,0,0,0,0,0,0,8/16/82,8/16/86,1461,0,68690,21,4339.275,6565,2009
Dominican Republic,DOM,1990,1,SocChrist,,4,Lib,4,35.5,33.8,30.7,Joaquin Balaguer,Juan Bosch,1,0,1,0,16,6,1990,16,6,1994,16,8,1990,16,8,1994,16,8,1986,16,8,1990,Wiki,8/16/90,8/16/94,1461,8/16/86,0.249828884325804,0.249828884325804,0.249828884325804,0.249828884325804,0,0,0.249828884325804,0.249828884325804,0.249828884325804,0.249828884325804,0,0,0.249828884325804,0,0,0.249828884325804,0,0,0,0,0,0,0,0,8/16/86,8/16/90,1461,37,57210,21,3370.973,7170,2194
Dominican Republic,DOM,1994,1,SocChrist,,4,Rev,2,42.3,41.6,16.1,Joaquin Balaguer,Jose F. Pena Gomez,1,0,1,0,16,6,1994,16,6,1996,16,8,1994,16,8,1996,16,8,1990,16,8,1994,Wiki,8/16/94,8/16/96,731,8/15/92,0,0.499316005471956,0.249828884325804,0,0.499316005471956,0.249828884325804,0,0.499316005471956,0.249828884325804,0,0.499316005471956,0.249828884325804,0,0.499316005471956,0.249828884325804,0,0.499316005471956,0.249828884325804,0,0,0,0,0,0,8/16/90,8/16/94,1461,37,115000,22,5177.829,7769,2510
Dominican Republic,DOM,1996,1,Lib,,4,Rev,2,51.3,48.7,0,Leonel Fernandez,Jose F. Pena Gomez,0,0,0,0,16,6,1996,16,6,1998,16,8,1996,16,8,2000,16,8,1994,16,8,1996,Wiki,8/16/96,8/16/00,1461,8/16/92,0,0.249828884325804,0,0,0.249828884325804,0,0,0.249828884325804,0,0,0.249828884325804,0,0,0.249828884325804,0,0,0.249828884325804,0,0,0,0,0,0,0,8/16/94,8/16/96,731,42,116000,22,5259.739,8052,2873
Dominican Republic,DOM,2008,1,Lib,,4,Rev,1,53.83,40.48,5.69,Leonel Fernandez,Miguel Vargas,1,0,1,0,16,6,2008,16,6,2010,16,8,2008,31,12,2010,16,8,2004,16,8,2008,Wiki,8/16/08,12/31/10,867,4/2/06,0,0,0,0,0,0,0,0,0,0,0,0,0,0,0,0,0,0,0,0,0,0,0,0,8/16/04,8/16/08,1461,-9,271000,25,6895.24,9493,3797
Ecuador,ECU,1931,0,None,,NA,None,1,45.3,32.5,22.2,Neptali Bonifaz,Modesto Larrea Jijon,0,0,0,0,21,11,1931,30,11,1932,21,11,1931,21,11,1931,NA,NA,NA,21,11,1931,http://www.enciclopediadelecuador.com/temasOpt.php?Ind=1230&Let=,11/21/31,11/21/31,0,11/21/31,NA,NA,NA,NA,NA,NA,NA,NA,NA,NA,NA,NA,NA,NA,NA,NA,NA,0.00107327056415806,0,0,0,0,0.00273972602739726,0.00273972602739726,NA,11/21/31,340082,0,1980,6,357,2000,160
Ecuador,ECU,1948,0,National Democratic Civic Union,,NA,Conservative Party,5,41.1,39.9,19,Galo Plaza Lasso,Manuel Elisio Flor,0,0,0,0,6,7,1948,4,7,1950,1,9,1948,1,9,1952,NA,NA,NA,1,9,1948,https://books.google.com/books?id=6IqaAAAAIAAJ&pg=PA89&lpg=PA89&dq=Manuel+Flor+Torres+ecuador&source=bl&ots=9s_S7fbZH1&sig=ClAwAJG1nmmax2BjiZnfZ2OiP2Q&hl=en&sa=X&ved=0ahUKEwjHuuL0nKfKAhXB6CYKHUEBA8QQ6AEIMjAD#v=onepage&q=Manuel%20Flor%20Torres%20ecuador&f=false,9/1/48,9/1/52,1461,9/1/44,0.249828884325804,0,NA,0.249828884325804,0,NA,0.499657768651608,0,NA,0.499657768651608,0,NA,0.749486652977413,0,NA,0.249828884325804,0,0.00316281111807539,0,0,0,0,0,0,NA,9/1/48,346211,0,-9,12,637,3017,433
Ecuador,ECU,1952,0,Velasquista National Federation,,NA,Conservative Party,5,43,33,24,Jose Maria Velasco Ibarra,Ruperto Alarcon Falconi,0,0,0,0,1,7,1952,6,7,1954,1,9,1952,1,9,1956,NA,NA,NA,1,9,1952,https://books.google.com/books?id=cV6V-eqhp2AC&pg=PA13&lpg=PA13&dq=Ruperto+Alarc%C3%B3n+Falcon%C3%AD&source=bl&ots=IIk-4bFY7I&sig=VSE0R3lpyfw6cX37uD636rpFwB8&hl=en&sa=X&ved=0ahUKEwi699Dom6fKAhXDSyYKHVmaDycQ6AEIOjAF#v=onepage&q=Ruperto%20Alarc%C3%B3n%20Falcon%C3%AD&f=false,9/1/52,9/1/56,1461,9/1/48,0.749486652977413,0.249828884325804,NA,0.499657768651608,0.249828884325804,NA,1.24914442162902,0.499657768651608,NA,0.749486652977413,0.499657768651608,NA,1.24914442162902,0.749486652977413,NA,0.499657768651608,0.249828884325804,0.00419936031662026,1,0,1,0,0.00547945205479452,0.00273972602739726,NA,9/1/52,347672,0,7459,12,420,3412,486
Ecuador,ECU,1956,0,Peoples Alliance,,NA,National Democratic Front,2,29,28.6,42.4,Comilo Ponce Enriquez,Raul Clemente Huerta,0,0,0,0,3,7,1956,1,1,1958,1,9,1956,1,9,1960,NA,NA,NA,1,9,1956,http://www.eluniverso.com/noticias/2015/02/25/nota/4589311/legado-raul-clemente-huerta-sigue-memoria,9/1/56,9/1/60,1461,9/1/52,0,0.749486652977413,NA,0,0.499657768651608,NA,0,1.24914442162902,NA,0,0.749486652977413,NA,0,1.24914442162902,NA,0,0.499657768651608,0.0073181280486233,0,0,0,0,0,0,NA,9/1/56,349133,0,19670,20,488,3833,596
Ecuador,ECU,1968,0,Velasquista National Federation,,NA,Ecuadorian Radical Liberal Party,2,32.8,31,36.2,Jose Maria Velasco Ibarra,Andres Cordova,0,0,0,0,2,7,1968,1,1,1970,1,9,1968,15,2,1972,NA,NA,NA,1,9,1968,Wiki,9/1/68,2/15/72,1262,3/19/65,0.289223454833597,0.289223454833597,NA,0.289223454833597,0.289223454833597,NA,0.289223454833597,0.289223454833597,NA,0.289223454833597,0.289223454833597,NA,0.289223454833597,0.289223454833597,NA,0.289223454833597,0.289223454833597,0.00929236583351249,0,0,0,0,0,0,NA,9/1/68,353516,0,28988,16,1672,5626,1117
Ecuador,ECU,1984,1,SocChrist,,4,DL,2,51.5,48.5,0,Leon Febres Cordero,Rodrigo Borja,0,0,0,0,10,8,1984,4,7,1986,10,8,1984,10,8,1984,24,5,1981,10,8,1984,Wiki,8/10/84,8/10/84,0,8/10/84,NA,NA,0,NA,NA,0,NA,NA,0.310902896081772,NA,NA,0.310902896081772,NA,NA,0.310902896081772,NA,NA,0,0,0,0,0,0,0,5/24/81,8/10/84,1174,18,224021,39,13155.39,8868,3145
Ecuador,ECU,1988,1,DL,,2,Rold,3,54,46,0,Rodrigo Borja,Abdala Bucaram,0,0,0,0,10,8,1988,17,7,1990,10,8,1988,10,8,1992,10,8,1984,10,8,1988,Wiki,8/10/88,8/10/92,1461,8/10/84,0,0,0,0,0,0,0.249828884325804,0,0,0,0,0,0.249828884325804,0,0,0,0,0,0,0,0,0,0,0,8/10/84,8/10/88,1461,24,220000,46,12674.64,9794,3782
Ecuador,ECU,1992,1,RepU,,4,SocChrist,4,57.3,42.7,0,Sixto Duran Ballen,Jamie Nebot,0,0,0,0,10,8,1992,1,7,1994,10,8,1992,10,8,1996,10,8,1988,10,8,1992,Wiki,8/10/92,8/10/96,1461,8/10/88,0.249828884325804,0,0,0.249828884325804,0,0,0.499657768651608,0.249828884325804,0.249828884325804,0.499657768651608,0,0,0.499657768651608,0.249828884325804,0.249828884325804,0.249828884325804,0,0,0,0,0,0,0,0,8/10/88,8/10/92,1461,20,-9,57,14754.06,10741,3609
Ecuador,ECU,1996,1,Rold,,3,SocChrist,4,54.5,45.5,0,Abdala Bucaram,Jaime Nobot,0,0,0,0,10,8,1996,30,12,1997,10,8,1996,6,2,1997,10,8,1992,10,8,1996,Wiki,8/10/96,2/6/97,180,2/12/96,0,0,0.249828884325804,0,0,0.249828884325804,0,0,0.499657768651608,0,0,0.499657768651608,0,0,0.499657768651608,0,0,0.249828884325804,1,1,1,1,0.00273972602739726,0.00273972602739726,8/10/92,8/10/96,1461,20,625000,58,17136.3,11698,5273
Ecuador,ECU,1998,1,DL,,4,Rold,5,51.2,48.8,0,Jamil Mahuad,Alvaro F. Noboa,0,0,0,0,10,8,1998,15,1,2003,10,8,1998,21,1,2000,11,2,1997,10,8,1998,Wiki,8/10/98,1/21/00,529,2/27/97,0,1.37996219281664,1.3394495412844,0,1.37996219281664,1.3394495412844,0,1.37996219281664,1.3394495412844,0,1.37996219281664,1.3394495412844,0,1.37996219281664,1.3394495412844,0,1.37996219281664,1.3394495412844,0,0,0,0,0,0,2/11/97,8/10/98,545,46,543000,58,16225.27,12175,5744
Ecuador,ECU,2002,1,PSP,,2,InstRen,5,54.8,45.2,0,Lucio E. Gutierrez,Alvaro F. Noboa,0,0,0,0,15,1,2003,20,4,2005,15,1,2003,20,4,2005,22,1,2000,15,1,2003,Wiki,1/15/03,4/20/05,826,10/11/00,0,0,0,0,0,0,0,0,0,0,0,0,0,0,0,0,0,0,0,0,0,0,0,0,1/22/00,1/15/03,1089,69,483000,60,17730.37,12661,5770
Ecuador,ECU,2006,0,Movimiento Patria Altiva i Soberana,,NA,Institutional Renewal Party of National Action,5,56.67,43.33,0,Rafael Correa,Alvaro F. Noboa,0,0,0,0,15,11,2006,3,10,2007,15,1,2007,26,5,2009,NA,NA,NA,15,1,2007,Wiki,1/15/07,5/26/09,862,9/5/04,0.423433874709977,0.423433874709977,NA,0,0,NA,0.846867749419954,0.846867749419954,NA,0,0,NA,0.846867749419954,0.423433874709977,NA,0,0,0.0168829296032171,0,0,1,0,0,0,NA,1/15/07,367531,85,653000,47,19067.9,13408,6197
El Salvador,SAL,1931,0,Salvadoran Labor Party,,NA,Zaratista Party,3,46.55,28.09,25.36,Arturo Araujo,Alberto Gomez Zarate,0,0,0,0,13,2,1931,5,2,1932,1,3,1931,2,12,1931,NA,NA,NA,1,3,1931,NA,3/1/31,12/2/31,276,5/29/30,0,0,NA,0,0,NA,0,0,NA,0,0,NA,0,0,NA,0,0,0,0,0,0,0,0,0,NA,3/1/31,339817,0,158,3,0,1460,0
El Salvador,SAL,1950,0,Revolutionary Party of Democratic Unification,,NA,Renovated Action Party,3,56.45,43.55,0,Oscar Osorio,Jose Asencio Menendez,0,0,0,0,29,4,1950,1,4,1952,14,9,1950,14,9,1956,NA,NA,NA,14,9,1950,https://books.google.com/books?id=zouaAAAAIAAJ&pg=PA23&lpg=PA23&dq=Jose+Ascencio+Menendez&source=bl&ots=X3iZR0Nl0n&sig=oYHWy5BSIp2WbVwilhmD_a-HU1M&hl=en&sa=X&ved=0ahUKEwiqpcuGy6fKAhUK9GMKHYHdD4wQ6AEIPTAH#v=onepage&q=Jose%20Ascencio%20Menendez&f=false,9/14/50,9/14/56,2192,9/13/44,0,0,NA,0,0,NA,0,0,NA,0,0,NA,0,0,NA,0,0,0,0,0,0,0,0,0,NA,9/14/50,346954,0,3944,3,8,1859,149
El Salvador,SAL,1972,0,Party of National Conciliation,,NA,National Opposing Union,3,43.42,42.14,14.44,Arturo Armando Molina,Jose Napoleon Duarte,0,0,1,0,12,4,1972,10,4,1974,1,7,1972,1,7,1977,NA,NA,NA,1,7,1972,Wiki,7/1/72,7/1/77,1826,7/2/67,0,0.199890470974808,NA,0,0.199890470974808,NA,0.199890470974808,0.199890470974808,NA,0.199890470974808,0.199890470974808,NA,0.199890470974808,0,NA,0,0,0,0,0,0,0,0,0,NA,7/1/72,354915,6,12520,8,2321.98,3668,690
El Salvador,SAL,1984,1,ChristDem,,3,NatRep,5,53.59,46.41,0,Jose Napoleon Duarte,Roberto d'Aubuisson,0,0,1,0,25,4,1984,30,4,1985,1,6,1984,1,6,1989,2,5,1982,1,6,1984,Wiki,6/1/84,6/1/89,1826,6/2/79,0.199890470974808,0,0,0.199890470974808,0,0,0.199890470974808,0,0,0.199890470974808,0,0,0,0,0,0,0,0,0,0,0,0,0,0,5/2/82,6/1/84,761,0,205000,45,3103.419,4780,948
El Salvador,SAL,1989,1,NatRep,,5,ChristDem,3,53.8,36.5,9.7,Alfredo Cristiani,Fidel Chavez Mena,0,0,0,1,19,4,1989,10,4,1991,1,6,1989,1,6,1994,1,6,1984,1,6,1989,World Biographical Information Systems,6/1/89,6/1/94,1826,6/1/84,0,0.199890470974808,0.199890470974808,0,0.199890470974808,0.199890470974808,0,0.199890470974808,0.199890470974808,0,0.199890470974808,0.199890470974808,0,0,0,0,0,0,0,0,0,0,0,0,6/1/84,6/1/89,1826,0,139230,45,3347.112,5193,1253
Finland,FIN,1956,1,Ag,"Conservative Social; liberal econ; when conflict, coding social",4,SocDem,2,151,149,0,Urho Kaleva Kekkonen,Karl August Fagerholm,0,0,0,1,1,3,1956,7,8,1958,1,3,1956,1,3,1962,1,3,1950,1,3,1956,Wiki,3/1/56,3/1/62,2191,3/2/50,0,0,0,0,0,0,0,0,0,0,0,0,0,0,0,0,0,0,0,0,0,0,0,0,3/1/50,3/1/56,2192,194,73913,42,2136,4282,646
Finland,FIN,1994,1,SocDem,,2,Peo,3,53.9,46.1,0,Martti Ahtisaari,Elisabeth Rehn,0,0,1,0,1,3,1994,19,4,1995,1,3,1994,1,3,2000,1,3,1988,1,3,1994,Wiki,3/1/94,3/1/00,2192,2/29/88,0,0,0,0,0,0,0,0,0,0,0,0,0,0,0,0,0,0,0,0,0,0,0,0,3/1/88,3/1/94,2191,3420,1998000,35,69718.37,5088,1304
Finland,FIN,2000,1,SocDem,,2,Cent,3,51.6,48.4,0,Tarja Halonen,Esko Aho,0,0,1,0,1,3,2000,16,4,2003,1,3,2000,1,3,2006,1,3,1994,1,3,2000,Wiki,3/1/00,3/1/06,2191,3/2/94,0,0,0,0,0,0,0,0,0,0,0,0,0,0,0,0,0,0,0,0,1,0,0,0,3/1/94,3/1/00,2192,4096,1560000,32,96437.19,5176,1426
Finland,FIN,2006,1,SocDem,,2,Nat,4,51.8,48.2,0,Tarja Halonen,Sauli Niinisto,1,0,1,0,1,3,2006,18,4,2007,1,3,2006,31,12,2010,1,3,2000,1,3,2006,Wiki,3/1/06,12/31/10,1766,4/30/01,0,0,0,0,0,0,0,0,0,0,0,0,0,0,0,0,0,0,0,0,0,0,0,0,3/1/00,3/1/06,2191,5054,2750000,28,121728.9,5266,1495
France,FRN,1895,1,Opp,,2,Cent,3,62.92,41.7,15.38,Felix Faure,Henri Brisson,0,0,0,0,17,1,1895,22,6,1898,17,1,1895,16,2,1899,3,12,1887,25,6,1894,Wiki,1895-01-17,1899-02-16,1491,1890-12-18,1.95841716968478,0.979208584842388,0.609348914858097,0.979208584842388,0.489604292421194,0.304674457429048,2.20321931589537,0.979208584842388,0.609348914858097,0.979208584842388,0.489604292421194,0.304674457429048,1.71361502347418,0.979208584842388,0.609348914858097,0.979208584842388,0.489604292421194,0.609348914858097,2,0,2,0,0.00273972602739726,0,1887-12-03,1894-06-25,2396,2004,35936,586,38547,38460,4748
France,FRN,1906,1,DemRep,,4,Rad,3,52.89,43.7,3.41,Armand Fallieres,Paul Doumer,0,0,0,0,20,6,1906,8,6,1910,18,2,1906,18,2,1913,18,2,1899,18,2,1906,Wiki,2/18/06,2/18/13,2557,1899-02-17,0.428236214313649,0.713727023856081,0.714006259780908,0.428236214313649,0.285490809542433,0.285602503912363,0.570981619084865,0.713727023856081,0.714006259780908,0.428236214313649,0.285490809542433,0.285602503912363,0.285490809542433,0.285490809542433,0.285602503912363,0.285490809542433,0.142745404771216,0.285602503912363,0,0,0,0,0.00273972602739726,0.00273972602739726,1899-02-18,2/18/06,2556,2451,45662,635,51568,39270,5471
France,FRN,1931,1,Rad,,3,Left,1,56.44,37.4,6.16,Paul Doumer,Pierre Marraud,0,0,1,0,13,6,1931,8,6,1932,13,6,1931,7,5,1932,13,6,1924,13,6,1931,Wiki,6/13/31,5/7/32,329,7/19/30,0,0,0.571205007824726,0,0,0,0,0,0.571205007824726,0,0,0,0,0,0.285602503912363,0,0,0.285602503912363,0,0,0,0,0,0,6/13/24,6/13/31,2556,7816,495306,441,88825,41860,6492
France,FRN,1965,1,UNR,,4,FGDS,1,55.2,44.8,0,Charles de Gaulle,Francois Mitterand,1,0,1,0,1,7,1965,12,4,1967,8,1,1966,28,4,1969,8,1,1959,8,1,1966,Wiki,1/8/66,4/28/69,1206,9/20/62,0,0.60530679933665,0.856472428627298,0,0.302653399668325,0.570981619084865,0,0.60530679933665,0.999217833398514,0,0.302653399668325,0.713727023856081,0,0.302653399668325,0.570981619084865,0,0.302653399668325,0.570981619084865,0,0,0,0,0,0,1/8/59,1/8/66,2557,19604,5167691,585,159093,48758,8820
France,FRN,1969,1,UDR,,5,DemCent,3,58.2,41.8,0,Georges Pompidou,Alain Poher,0,1,0,1,20,7,1969,11,4,1973,20,6,1969,2,4,1974,8,1,1966,28,4,1969,Wiki,6/20/69,4/2/74,1747,9/7/64,0,0,0,0,0,0,0,0,0,0,0,0,0,0,0,0,0,0,0,0,0,0,0,0,1/8/66,4/28/69,1206,22511,5761015,570,197973,50315,9424
France,FRN,1974,1,IndRep,,4,PS,1,50.7,49.3,0,Valery Giscard,Francois Mitterand,0,0,0,0,27,5,1974,19,4,1978,27,5,1974,21,5,1981,20,6,1969,2,4,1974,Wiki,5/27/74,5/21/81,2551,6/2/67,0.429243433947472,0,0,0.143081144649157,0,0,0.858486867894943,0,0,0.572324578596629,0,0,0.143081144649157,0,0,0.143081144649157,0,0,0,0,0,0,0,0,6/20/69,4/2/74,1747,27023,9954053,585,282765.2,52492,9656
France,FRN,1981,1,PS,,1,UDF,3,52.2,47.8,0,Francois Mitterand,Valery Giscard,0,1,0,1,21,7,1981,16,4,1986,21,5,1981,17,5,1988,27,5,1974,21,5,1981,Wiki,5/21/81,5/17/88,2553,5/25/74,0.571876224050137,0.428907168037603,0.429243433947472,0.428907168037603,0.142969056012534,0.143081144649157,1.14375244810027,0.857814336075206,0.858486867894943,0.571876224050137,0.571876224050137,0.572324578596629,0.714845280062671,0.142969056012534,0.143081144649157,0.428907168037603,0.142969056012534,0.143081144649157,0,0,0,0,0,0,5/27/74,5/21/81,2551,21258,23867415,575,268747.7,54182,10330
France,FRN,1988,1,PS,,2,RPR,4,54,46,0,Francois Mitterand,Jacques Chirac,1,0,1,0,12,7,1988,28,4,1993,17,5,1988,17,5,1995,21,5,1981,17,5,1988,Wiki,5/17/88,5/17/95,2556,5/18/81,1.42801251956182,0.571205007824726,0.571876224050137,0.714006259780908,0.428403755868545,0.428907168037603,1.71361502347418,1.14241001564945,1.14375244810027,0.856807511737089,0.571205007824726,0.571876224050137,0.714006259780908,0.714006259780908,0.714845280062671,0.571205007824726,0.428403755868545,0.571876224050137,0,0,0,0,0,0,5/21/81,5/17/88,2553,19122,30700000,558,516294.7,56118,9603
France,FRN,1995,1,RPR,,4,PS,2,52.7,47.3,0,Jacques Chirac,Lionel Jospin,0,0,0,1,17,5,1995,1,7,1997,17,5,1995,16,5,2002,17,5,1988,17,5,1995,Wiki,5/17/95,5/16/02,2556,5/17/88,0.571205007824726,1.42801251956182,1.42801251956182,0.285602503912363,0.714006259780908,0.714006259780908,0.571205007824726,1.71361502347418,1.71361502347418,0.285602503912363,0.856807511737089,0.856807511737089,0.285602503912363,0.714006259780908,0.714006259780908,0.285602503912363,0.571205007824726,0.714006259780908,0,0,0,0,0,0,5/17/88,5/17/95,2556,18100,47768000,504,624708.9,58139,10176
France,FRN,2007,1,UMP,,4,PS,2,53.3,46.7,0,Nicolas Sarkozy,Segolene Royal,0,0,1,0,17,7,2007,31,12,2010,16,5,2007,31,12,2010,16,5,2002,16,5,2007,Wiki,5/16/07,12/31/10,1325,9/29/03,0,0.275471698113208,0.199890470974808,0,0,0,0,0.826415094339623,0.599671412924425,0,0.275471698113208,0.199890470974808,0,0.550943396226415,0.399780941949617,0,0,0,0,0,0,0,0,0,5/16/02,5/16/07,1826,19250,60662000,255,712940.6,61707,11861
Gabon,GAB,2009,0,Gabonese Democratic Party,,NA,Independent,NA,41.73,25.88,32.39,Ali Bongo Ondimba,Andre Mba Obame,0,0,1,0,30,9,2009,31,12,2010,16,10,2009,31,12,2010,10,10,1000,16,10,2009,Wiki,10/16/09,12/31/10,441,8/1/08,0,0,0,0,0,0,0,0,0.00198081055853431,0,0,0.000990405279267154,0,0,0,0,0,0,0,0,0,0,0,0,1000-10-10,10/16/09,368536,0,123000,5,3223.085,1326,575
Gambia,GAM,1996,1,Alliance for Patriotic Reorientation and Construction,,3,United Democratic Party,1,55.77,35.84,8.39,Yahya Jammeh,Ousainou Darboe,1,0,0,0,29,10,1996,2,2,1997,18,10,1996,18,10,2001,22,7,1994,18,9,1996,Wiki,10/18/96,10/18/01,1826,10/19/91,0,0,0,0,0,0,0,0,0,0,0,0,0,0,0,0,0,0,0,0,0,0,0,0,7/22/94,9/18/96,789,0,15000,1,163.6239,1141,0
Germany,GMY,1925,1,Ind,,4,Centre,4,48.3,45.3,6.4,Paul von Hindenburg,Wilhelm Marx,0,0,0,1,26,5,1925,20,5,1928,12,5,1925,10,5,1932,11,2,1919,28,2,1925,Wiki,5/12/25,5/10/32,2555,5/14/18,0.142857142857143,0.285714285714286,0.330466274332277,0,0.142857142857143,0.165233137166139,0.142857142857143,0.571428571428571,0.660932548664554,0,0.428571428571429,0.495699411498416,0,0.142857142857143,0.165233137166139,0,0.142857142857143,0.165233137166139,1,0,1,0,0,0,2/11/19,2/28/25,2209,12195,147858,114,175621,62411,18620
Ghana,GHA,1996,1,NatDem,,2,NewPat,4,57.4,39.7,3,Jerry Rawlings,John Kufuor,1,0,1,0,7,1,1996,28,1,2000,7,1,1997,7,1,2001,7,1,1993,7,1,1997,Wiki,1/7/97,1/7/01,1461,1/7/93,0.249828884325804,0.249828884325804,0.249828884325804,0.249828884325804,0,0,0.249828884325804,0.249828884325804,0.249828884325804,0.249828884325804,0,0,0.249828884325804,0.249828884325804,0.249828884325804,0.249828884325804,0,0.249828884325804,1,1,1,1,0,0,1/7/93,1/7/97,1461,26,123000,7,16415.81,17832,2689
Ghana,GHA,2000,1,NatPat,,4,NatDem,2,56.9,43.1,0,John Kufuor,John Atta Mills,0,0,0,1,28,1,2001,7,1,2004,7,1,2001,7,1,2005,7,1,1997,7,1,2001,Wiki,1/7/01,1/7/05,1461,1/7/97,0,0.249828884325804,0.249828884325804,0,0.249828884325804,0.249828884325804,0,0.249828884325804,0.249828884325804,0,0.249828884325804,0.249828884325804,0,0.249828884325804,0.249828884325804,0,0.249828884325804,0.249828884325804,0,0,0,0,0,0,1/7/97,1/7/01,1461,25,40000,7,10071.99,20212,3463
Ghana,GHA,2004,1,NatPat,,4,NatDem,2,52.45,44.64,2.92,John Kufuor,John Atta Mills,1,0,1,0,7,1,2005,7,1,2009,7,1,2005,7,1,2009,7,1,2001,7,1,2005,Wiki,1/7/05,1/7/09,1461,1/7/01,0,0,0,0,0,0,0,0,0,0,0,0,0,0,0,0,0,0,0,0,1,0,0,0,1/7/01,1/7/05,1461,25,56000,7,12262.58,20842,4047
Ghana,GHA,2008,1,NatDem,,2,NatPat,1,50.23,49.77,0,John Atta Mills,Nana Kwesi Nduom,0,0,0,1,7,1,2009,31,12,2010,7,1,2009,31,12,2010,7,1,2005,7,1,2009,Wiki,1/7/09,12/31/10,723,1/15/07,0,0,0,0,0,0,0,0,0,0,0,0,0,0,0,0,0,0,0,0,0,0,0,0,1/7/05,1/7/09,1461,25,104000,14,13059.2,22345,4498
Guatemala,GUA,1982,0,Popular Democratic Front,,NA,National Liberation Movement,5,38.86,28.24,32.9,Angel Anibal Guevara,Mario Sandoval Alarcon,0,0,0,0,7,4,1982,1,8,1984,23,3,1982,8,8,1983,10,10,1000,23,3,1982,Wiki,3/23/82,8/8/83,503,11/5/80,0.725646123260437,0,0.013236922785082,0.725646123260437,0,0.00916402346659525,0.725646123260437,0,0.0152733724443254,0.725646123260437,0,0.0101822482962169,0.725646123260437,0,0.0112004731258386,0.725646123260437,0,0.00916402346659525,1,1,1,1,0.00273972602739726,0.00273972602739726,1000-10-10,3/23/82,358467,0,165114,30,4685.491,7315,785
Guatemala,GUA,1996,0,National Advancement Party,,NA,Guatamalan Republican Front,5,51.2,48.8,0,Alvaro Arzu,Alfonso Portillo Cabrera,0,0,1,0,7,2,1996,26,1,2000,14,1,1996,14,1,2000,10,10,1000,14,1,1996,Wiki,1/14/96,1/14/00,1461,1/14/92,0,0,0.0150614009991417,0,0,0.0110450273993706,0.249828884325804,0.499657768651608,0.0190777745989128,0,0,0.0120491207993134,0.249828884325804,0.499657768651608,0.0150614009991417,0,0,0.0110450273993706,0,0,0,0,0,0,1000-10-10,1/14/96,363512,44,211000,36,7065.665,10243,1030
Guatemala,GUA,2003,1,GANA,,4,UNE,1,54.1,45.9,0,Oscar Berger,Alvaro Colom,0,0,0,0,28,1,2004,4,12,2007,14,1,2004,14,1,2008,14,1,2000,14,1,2004,Wiki,1/14/04,1/14/08,1461,1/14/00,0,0.249828884325804,0.249828884325804,0,0.249828884325804,0.249828884325804,0,0.249828884325804,0.249828884325804,0,0.249828884325804,0.249828884325804,0,0.499657768651608,0.499657768651608,0,0.249828884325804,0.249828884325804,0,0,0,0,0,0,1/14/00,1/14/04,1461,226,179000,31,8537.354,12084,2277
Guatemala,GUA,2007,1,UNE,,1,PP,5,52.82,47.18,0,Alvaro Colom,Otto Perez Molina,0,0,0,0,4,12,2007,31,12,2010,14,1,2008,31,12,2010,14,1,2004,14,1,2008,Wiki,1/14/08,12/31/10,1082,1/27/05,0,0,0,0,0,0,0,0,0,0,0,0,0,0,0,0,0,0,0,0,0,0,0,0,1/14/04,1/14/08,1461,349,166000,16,10293.85,13345,2603
Honduras,HON,1902,0,La Democracia,,NA,Liberal Party,4,48.7,42.9,8.4,Manuel Bonilla,Juan Angel Arias Boquin,0,0,0,1,1,11,1902,1,1,1904,13,4,1903,25,2,1907,10,10,1000,13,4,1903,Wiki,4/13/03,2/25/07,1414,1899-05-29,0.258132956152758,0,0,0.258132956152758,0,0,0.516265912305516,0,0,0.516265912305516,0,0,0,0,0,0,0,0,0,0,0,0,0,0,1000-10-10,4/13/03,329633,0,79,3,0,450,0
Honduras,HON,1928,0,Liberal Party,,NA,National Party,4,56.62,43.38,0,Vincente Mejia Colindres,Tiburcio Carias Andino,0,0,0,1,28,11,1928,1,11,1930,1,2,1929,1,2,1933,10,10,1000,1,2,1929,Wiki,2/1/29,2/1/33,1461,2/1/25,0,0.249828884325804,0.00645905284920913,0,0.249828884325804,0.00430603523280609,0.249828884325804,0.249828884325804,0.0118415968902167,0.249828884325804,0.249828884325804,0.00753556165741066,0,0.249828884325804,0.00322952642460457,0,0.249828884325804,0.00107650880820152,0,0,1,1,0,0,1000-10-10,2/1/29,339059,0,800,2,0,910,0
Honduras,HON,1932,0,National Party,,NA,Liberal Party,2,56.9,43.1,0,Tiburcio Carias Andino,Angel Zuniga Huete,0,0,0,1,28,11,1932,28,11,1934,1,2,1933,1,2,1936,10,10,1000,1,2,1933,Wiki,2/1/33,2/1/36,1095,2/2/30,0,0,0.0064313403030659,0,0,0.00428756020204393,0,0,0.0128626806061318,0,0,0.00857512040408787,0,0,0.00321567015153295,0,0,0.00107189005051098,0,0,0,0,0,0,1000-10-10,2/1/33,340520,0,650,2,0,990,0
Honduras,HON,1954,0,Liberal Party,,NA,National Party,4,48.1,30.85,21.05,Ramon Villeda Morales,Tiburcio Carias Andino,0,0,0,1,10,11,1954,7,11,1956,5,12,1954,21,10,1956,10,10,1000,5,12,1954,Wiki,12/5/54,10/21/56,686,1/18/53,0,0,0.00733148348479327,0,0,0.00523677391770948,0,0,0.0136156121860446,0,0,0.00942619305187706,0,0,0.00314206435062569,0,0,0.0010473547835419,0,0,0,0,0,0,1000-10-10,12/5/54,348497,0,3200,3,7,1617,0
Honduras,HON,1970,0,National Party,,NA,Liberal Party,2,52.62,47.38,0,Ramon Ernesto Cruz Ucles,Jorge Bueso Arias,0,0,1,0,28,4,1971,1,1,1975,7,6,1971,4,12,1972,10,10,1000,7,6,1971,Wiki,6/7/71,12/4/72,546,12/8/69,0,0,0.00720682603483534,0,0,0.00514773288202524,0,0,0.0164727452224808,0,0,0.0123545589168606,0,0,0.00514773288202524,0,0,0.00102954657640505,0,0,0,0,0,0,1000-10-10,6/7/71,354525,0,8750,6,1997.588,2639,335
Honduras,HON,1981,0,Liberal Party,,NA,National Party,4,53.9,41.6,4.5,Roberto Suazo Cordova,Ricardo Zuniga,0,0,0,0,29,12,1981,24,12,1985,27,1,1982,27,1,1986,10,10,1000,27,1,1982,World Biographical Information Systems,1/27/82,1/27/86,1461,1/27/78,0.249828884325804,0.249828884325804,0.00916542972891533,0,0.249828884325804,0.00712866756693414,0.249828884325804,0.499657768651608,0.0193492405388212,0,0.249828884325804,0.0142573351338683,0,0.249828884325804,0.00712866756693414,0,0.249828884325804,0.00305514324297178,0,0,0,0,0,0,1000-10-10,1/27/82,358412,0,45000,17,1946.572,3821,720
Honduras,HON,1985,0,Liberal Party,,NA,National Party,4,51.02,45.49,3.49,Jose Simon Azcona del Hoyo,Rafael Leonardo Callejas Romero,0,0,1,0,24,12,1985,26,12,1989,27,1,1986,27,1,1990,10,10,1000,27,1,1986,Wiki,1/27/86,1/27/90,1461,1/27/82,0.499657768651608,0.249828884325804,0.0101424669258322,0.249828884325804,0,0.00709972684808252,0.749486652977413,0.249828884325804,0.0202849338516643,0.499657768651608,0,0.014199453696165,0,0,0.00709972684808252,0,0,0.00304274007774965,0,0,0,0,0,0,1000-10-10,1/27/86,359873,0,71580,21,2223.414,4372,1023
Honduras,HON,1989,1,Nat,,4,Lib,2,52.29,44.33,3.38,Rafael Leonardo Callejas Romero,Carlos Roberto Flores Facusse ,0,0,0,1,26,12,1989,27,11,1993,27,1,1990,27,1,1994,27,1,1986,27,1,1990,Wiki,1/27/90,1/27/94,1461,1/27/86,0.499657768651608,0.499657768651608,0.499657768651608,0.249828884325804,0.249828884325804,0.249828884325804,0.499657768651608,0.749486652977413,0.749486652977413,0.249828884325804,0.499657768651608,0.499657768651608,0.499657768651608,0,0,0.249828884325804,0,0,0,0,0,0,0,0,1/27/86,1/27/90,1461,0,138000,19,2824.725,4951,1203
Honduras,HON,1993,1,Lib,,2,Nat,4,53.01,42.97,4.02,Carlos Roberto Reina,Oswaldo Ramos Soto,0,0,0,1,27,12,1993,30,11,1997,27,1,1994,27,1,1998,27,1,1990,27,1,1994,Wiki,1/27/94,1/27/98,1461,1/27/90,0.249828884325804,0.499657768651608,0.499657768651608,0,0.249828884325804,0.249828884325804,0.749486652977413,0.499657768651608,0.499657768651608,0.499657768651608,0.249828884325804,0.249828884325804,0.749486652977413,0.499657768651608,0.499657768651608,0,0.249828884325804,0.499657768651608,0,0,0,0,0,0,1/27/90,1/27/94,1461,8,44000,17,3408.326,5595,1352
Honduras,HON,1997,1,Lib,,2,Nat,4,52.65,42.76,4.59,Carlos Roberto Flores Facusse,Nora Gunera de Melgar,0,0,1,0,30,12,1997,25,12,2001,27,1,1998,27,1,2002,27,1,1994,27,1,1998,Wiki,1/27/98,1/27/02,1461,1/27/94,0.749486652977413,0.249828884325804,0.249828884325804,0.249828884325804,0,0,0.999315537303217,0.749486652977413,0.749486652977413,0.499657768651608,0.499657768651608,0.499657768651608,0.749486652977413,0.749486652977413,0.749486652977413,0.249828884325804,0,0.249828884325804,0,0,0,0,0,0,1/27/94,1/27/98,1461,8,101000,10,3392.653,6338,1454
Honduras,HON,2001,1,Nat,,4,Lib,2,55.2,44.2,3.5,Ricardo Maduro,Rafael Pineda Ponce,0,0,0,1,25,12,2001,27,11,2005,27,1,2002,27,1,2006,27,1,1998,27,1,2002,Wiki,1/27/02,1/27/06,1461,1/27/98,0,0.749486652977413,0.749486652977413,0,0.249828884325804,0.249828884325804,0,0.999315537303217,0.999315537303217,0,0.499657768651608,0.499657768651608,0,0.749486652977413,0.749486652977413,0,0.249828884325804,0.499657768651608,0,0,0,0,0,0,1/27/98,1/27/02,1461,8,96000,8,3922.918,6530,1556
Honduras,HON,2005,1,Lib,Close coding - could be centrist or center-left; note that opposition should be center-right,4,Nat,4,45.6,42.2,3.6,Manuel Zelaya,Porfirio Lobo Sosa,0,0,0,1,27,12,2005,29,12,2009,27,1,2006,28,6,2009,27,1,2002,27,1,2006,Wiki,1/27/06,6/28/09,1248,8/28/02,0,0,0,0,0,0,0,0,0,0,0,0,0,0,0,0,0,0,0,0,0,0,0,0,1/27/02,1/27/06,1461,-9,53000,12,3714.156,7107,1616
Honduras,HON,2009,1,PN,,4,PL,2,56.56,38.1,5.34,Porfirio Lobo Sosa,Elvin Santos,0,0,0,1,29,12,2009,31,12,2010,27,1,2010,31,12,2010,27,1,2006,27,1,2010,Wiki,1/27/10,12/31/10,338,2/23/09,0,0,0,0,0,0,0,0,0,0,0,0,0,0,0,0,0,0,0,0,0,0,0,0,1/27/06,1/27/10,1461,0,76000,12,4342.11,7537,1720
Indonesia,INS,1998,0,National Awakening Party,,NA,Indonesian Democratic Party of Struggle,1,54.37,45.63,0,Abdurrahman Wahid,Megawati Sukarnoputri,0,0,0,0,1,11,1999,5,5,2004,20,10,1999,23,7,2001,10,10,1000,20,10,1999,Wiki,10/20/99,7/23/01,642,1/16/98,0,0,0.0210065033832392,0,0,0.0180055743284907,0,0,0.0210065033832392,0,0,0.0180055743284907,0,0.568535825545171,0.0210065033832392,0,0,0.020006193698323,0,0,0,0,0,0,1000-10-10,10/20/99,364887,2699,967000,280,170935.3,206338,48264
Ireland,IRE,1945,1,FF,,3,FG,4,55.5,44.5,0,Sean T. O'Kelly,Sean Mac Eoin,0,0,0,0,14,7,1945,4,3,1948,25,6,1945,25,6,1952,25,6,1938,25,6,1945,Wiki,6/25/45,6/25/52,2557,6/25/38,0,0,0,0,0,0,0,0,0,0,0,0,0,0,0,0,0,0,0,0,0,0,0,0,6/25/38,6/25/45,2557,0,34923,11,994,2950,503
Ireland,IRE,1959,1,FF,,3,FG,4,56.3,43.7,0,Eamon de Valera,Sean Mac Eoin,0,1,1,0,17,7,1959,4,11,1961,25,6,1959,25,6,1966,25,6,1952,25,6,1959,Wiki,6/25/59,6/25/66,2557,6/24/52,0,0,0,0,0,0,0,0,0,0,0,0,0,0,0,0,0,0,0,0,0,0,0,0,6/25/52,6/25/59,2556,23,24096,13,4218,2846,588
Ireland,IRE,1966,1,FF,,3,FG,4,50.5,49.5,0,Eamon de Valera,Thomas F. O'Higgins,1,0,1,0,1,7,1966,18,7,1969,25,6,1966,24,6,1973,25,6,1959,25,6,1966,Wiki,6/25/66,6/24/73,2556,6/26/59,0,0,0,0,0,0,0,0,0,0,0,0,0,0,0,0,0,0,0,0,0,0,0,0,6/25/59,6/25/66,2557,56,36425,8,4984,2884,690
Ireland,IRE,1973,1,FF,,3,FG,4,52,48,0,Erskine Childers,Thomas F. O'Higgins,0,0,1,0,30,6,1973,17,12,1974,25,6,1973,17,11,1974,25,6,1966,25,6,1973,Wiki,6/25/73,11/17/74,510,2/1/72,0,0,0,0,0,0,0,0,0,0,0,0,0,0,0,0,0,0,0,0,0,0,0,0,6/25/66,6/25/73,2557,116,95145,10,7545.166,3073,687
Ireland,IRE,1990,1,Ind,,2,FF,4,51.9,46.4,1.7,Mary Robinson,"Brian Lenihan, Sr.",0,0,0,1,7,12,1990,25,12,1992,3,12,1990,11,11,1997,3,12,1990,3,12,1990,Wiki,12/3/90,11/11/97,2535,12/25/83,0,0.287968441814596,NA,0,0.287968441814596,NA,0,0.287968441814596,NA,0,0.287968441814596,NA,0,0.287968441814596,NA,0,0.287968441814596,NA,0,0,0,0,0,0,12/3/90,12/3/90,0,325,508210,13,12510.31,3503,611
Ireland,IRE,1997,1,FF,,3,FG,4,55.6,39.2,5.2,Mary McAleese,Mary Banotti,0,0,0,0,30,11,1997,17,6,2002,11,11,1997,11,11,2004,3,12,1984,11,11,1997,Wiki,11/11/97,11/11/04,2557,11/11/90,0,0,0.0772323317816335,0,0,0.0772323317816335,0,0,0.0772323317816335,0,0,0.0772323317816335,0,0,0.0772323317816335,0,0,0.0772323317816335,0,0,0,0,0,0,12/3/84,11/11/97,4726,337,767000,17,15608.77,3661,611
Israel,ISR,1996,1,Likud,,4,Labor,2,50.5,49.5,0,Binyamin Netanyahu,Shimon Peres,0,1,0,1,29,6,1996,17,6,1999,18,6,1996,6,7,1999,13,7,1992,4,11,1995,Wiki,6/18/96,7/6/99,1113,6/1/93,0.327942497753819,0,0.301902398676592,0,0,0.301902398676592,0.327942497753819,0,0.301902398676592,0,0,0.301902398676592,0,0,0.301902398676592,0,0,0.301902398676592,0,0,0,0,0,0,7/13/92,11/4/95,1209,265,11202000,185,36827.39,5689,2528
Israel,ISR,1999,1,One,,2,Likud,4,56.08,43.92,0,Ehud Barak,Benjamin Netanyahu,0,1,0,1,17,6,1999,6,3,2001,6,7,1999,7,3,2001,18,6,1996,6,7,1999,Wiki,7/6/99,3/7/01,610,11/3/97,0,0.598360655737705,0.327942497753819,0,0,0,0,0.598360655737705,0.327942497753819,0,0,0,0,0,0,0,0,0,0,0,0,0,0,0,6/18/96,7/6/99,1113,280,8846000,173,46841.92,6101,2679
Lithuania,LIT,1998,1,Ind,,2,Ind,2,49.96,49.22,0.82,Valdas Adamkus,Arturas Paulauskas,0,1,0,0,4,2,1998,8,11,2000,26,2,1998,26,2,2003,25,2,1995,25,2,1998,Wiki,2/26/98,2/26/03,1826,2/26/93,0.199890470974808,0,0,0,0,0,0.199890470974808,0,0,0,0,0,0.199890470974808,0,0,0,0,0,1,0,1,0,0.00273972602739726,0,2/25/95,2/25/98,1096,1,139000,12,18043.56,3694,1479
Lithuania,LIT,2003,1,LibDem,,4,Ind,5,54.71,45.29,0,Rolandas Paksas,Valdas Adamkus,0,1,0,1,5,2,2003,27,7,2004,26,2,2003,6,4,2004,26,2,1998,26,2,2003,Wiki,2/26/03,4/6/04,405,1/17/02,0,0,0.199890470974808,0,0,0,0,0,0.199890470974808,0,0,0,0,0,0.199890470974808,0,0,0.199890470974808,0,0,0,0,0,0,2/26/98,2/26/03,1826,-9,337000,13,20552.41,3454,1354
Lithuania,LIT,2004,1,Ind,,NA,PeasNewDem,3,52.6,47.4,0,Valdas Adamkus,Kazimiera Danute Prunskiene,0,0,0,0,27,7,2004,24,11,2004,12,7,2004,12,7,2009,26,2,2003,6,4,2004,Wiki,7/12/04,7/12/09,1826,7/13/99,0,0,0,0,0,0,0,0,0,0,0,0,0,0,0,0,0,0,0,0,0,0,0,0,2/26/03,4/6/04,405,-9,310000,13,22636.89,3436,1345
Macedonia,MAC,1999,1,VMRO-DPMNE,,4,SDSM,2,53.2,46.8,0,Teto Petkovski,Boris Trajkovski,0,0,0,1,14,12,1999,15,11,2002,15,12,1999,25,2,2004,17,11,1995,19,11,1999,Wiki,12/15/99,2/25/04,1533,10/4/95,0.238095238095238,0.476190476190476,0.498974709501025,0.238095238095238,0,0,0.238095238095238,0.714285714285714,0.748462064251538,0.238095238095238,0.238095238095238,0.249487354750513,0,0.476190476190476,0.498974709501025,0,0,0.498974709501025,0,0,0,0,0,0,11/17/95,11/19/99,1463,45,67000,16,5508.274,2011,453
Madagascar,MAG,1996,1,AREMA,Based on nationalism of party more than econ; Note that Zafy should be a 2 (center-left).,4,UNDD,2,50.71,49.29,0,Didier Ratsiraka,Albert Zafy,0,1,0,1,29,1,1997,17,6,1998,9,2,1997,6,5,2002,27,3,1993,5,9,1996,Wiki,2/9/97,5/6/02,1912,11/16/91,0,0,0,0,0,0,0,0,0,0,0,0,0,0,0,0,0,0,0,0,0,0,0,0,3/27/93,9/5/96,1258,0,38000,21,3656.042,15353,867
Madagascar,MAG,2001,1,TIM,,3,AREMA,1,51.46,35.9,12.64,Marc Ravalomanana,Didier Ratsiraka,0,1,0,1,16,1,2002,15,1,2002,6,5,2002,17,3,2009,9,2,1997,6,5,2002,Wiki,5/6/02,3/17/09,2507,6/25/95,0,0,0,0,0,0,0,0,0,0,0,0,0,0,0,0,0,0,0,0,0,0,0,0,2/9/97,5/6/02,1912,0,-9,-9,3862.016,15529,1109
Malawi,MAW,1994,1,UDF,,2,Con,4,47.15,33.44,19.41,Bakili Muluzi,Hastings Banda,0,1,0,1,17,6,1994,15,7,1999,21,5,1994,15,7,1999,1,1,1990,21,5,1994,Wiki,5/21/94,7/15/99,1881,3/27/89,0,0,0,0,0,0,0,0,0,0,0,0,0,0,0,0,0,0,0,0,0,0,0,0,1/1/90,5/21/94,1601,0,21000,10,1973.269,9461,892
Malawi,MAW,1999,1,UDF,,2,ConAll,4,52.38,45.17,2.45,Bakili Muluzi,Gwanda Chakuamba,0,0,1,0,15,7,1999,20,6,2004,15,7,1999,24,5,2004,21,5,1994,15,7,1999,Wiki,7/15/99,5/24/04,1775,9/4/94,0,0,0,0,0,0,0,0,0,0,0,0,0,0,0,0,0,0,0,0,0,0,0,0,5/21/94,7/15/99,1881,0,27000,5,1979.172,10640,1125
Malawi,MAW,2004,1,UDF,,2,Con,4,35.9,27.1,37,Bingu wa Mutharika,John Tembo,0,0,1,0,20,6,2004,19,6,2009,24,5,2004,19,6,2009,15,7,1999,24,5,2004,Wiki,5/24/04,6/19/09,1852,4/29/99,0,0,0,0,0,0,0,0,0,0,0,0,0,0,0,0,0,0,0,0,0,0,0,0,7/15/99,5/24/04,1775,0,13000,5,2123.031,11938,1334
Mexico,MEX,1988,0,PRI,,3,National Democratic Front,3,50.7,31.1,18.2,Carlos Salinas de Gortari,Cuauhtemoc Cardenas,0,0,1,0,6,8,1988,18,9,1991,1,12,1988,1,12,1994,10,10,1000,1,12,1988,Wiki,12/1/88,12/1/94,2191,12/2/82,0,0,0.00910194174757281,0,0,0.00809061488673139,0,0,0.0242718446601942,0,0,0.0192152103559871,0,0,0.00202265372168285,0,0,0.00101132686084142,0,0,0,0,0,0,1000-10-10,12/1/88,360912,7311,646450,154,203114.1,80109,30899
Mexico,MEX,2000,1,PAN,,5,PRI,3,43.4,36.9,21.37,Vicente Fox Quesada,Francisco Labastida Ochoa,0,0,0,1,2,8,2000,6,8,2003,1,12,2000,1,12,2006,1,12,1994,1,12,2000,Wiki,12/1/00,12/1/06,2191,12/2/94,0,0,0,0,0,0,0,0,0,0,0,0,0,0,0,0,0,0,0,0,0,0,0,0,12/1/94,12/1/00,2192,15631,5229000,193,228599.9,98881,38767
Mexico,MEX,2006,1,PAN,,5,PRD,1,35.89,35.31,28.8,Felipe Calderon,Andres Manuel Lopez Obrador,0,0,1,0,2,8,2006,5,8,2009,1,12,2006,31,12,2010,1,12,2000,1,12,2006,Wiki,12/1/06,12/31/10,1491,11/1/02,0,0,0,0,0,0,0,0,0,0,0,0,0,0,0,0,0,0,0,0,0,0,0,0,12/1/00,12/1/06,2191,16447,3229000,193,291750.8,104874,42435
Moldova,MLD,1996,1,Ind,,NA,Rebirth,1,54,46,0,Petru Lucinschi,Mircea Snegur,0,1,0,0,1,1,1997,22,4,1998,15,1,1997,7,4,2001,3,9,1990,15,1,1997,Wiki,1/15/97,4/7/01,1543,10/25/92,0,0,0,0,0,0,0,0,0.156921754084265,0,0,0.156921754084265,0,0.236552171095269,0.156921754084265,0,0,0,0,0,0,0,0,0,9/3/90,1/15/97,2326,646,48000,12,7364.682,4327,878
Mongolia,MON,1993,1,SocDem,,3,Rev,1,59.9,40.1,0,Punsalmaagiin Ochirbat,Lodongiyn Tudev,1,0,0,1,6,7,1993,30,7,1996,7,6,1993,20,6,1997,21,3,1990,7,6,1993,Marquis Who's Who Database,6/7/93,6/20/97,1474,5/25/89,0,0,0,0,0,0,0,0,0,0,0,0,0,0,0,0,0,0,0,0,0,0,0,0,3/21/90,6/7/93,1174,0,32300,18,3491.083,2366,622
Mongolia,MON,2009,1,Dem,,4,Rev,1,51.93,48.07,0,Tsakhiagiin Elbegdorj,Nambaryn Enkhbayar,0,1,0,1,24,6,2009,31,12,2010,18,6,2009,31,12,2010,24,6,2005,18,6,2009,Wiki,6/18/09,12/31/10,561,12/5/07,0,0,0,0,0,0,0,0,0,0,0,0,0,0,0,0,0,0,0,0,0,0,0,0,6/24/05,6/18/09,1455,35,43000,9,3883.881,2615,1013
Mozambique,MZM,1994,0,Mozambique Liberation Front,,NA,Mozambique National Resistance,NA,53.3,33.73,12.97,Joaquim Chissano,Afonso Dhlakama,1,0,1,0,29,11,1994,5,12,1999,29,11,1994,5,12,1999,10,10,1000,29,11,1994,Wiki,11/29/94,12/5/99,1832,11/23/89,0,0,0.00402091979917433,0,0,0.00301568984938075,0,0,0.00402091979917433,0,0,0.00301568984938075,0,0,0.00301568984938075,0,0,0.00301568984938075,0,0,0,0,0,0,1000-10-10,11/29/94,363101,0,106000,11,8475.092,16614,2271
Mozambique,MZM,1998,0,Mozambique Liberation Front,,NA,Mozambique National Resistance,NA,52.29,47.71,0,Joaquim Chissano,Afonso Dhlakama,1,0,1,0,5,12,1999,2,1,2005,5,12,1999,2,2,2005,10,10,1000,5,12,1999,Wiki,12/5/99,2/2/05,1886,10/6/94,0,0,0.0040007343813796,0,0,0.0030005507860347,0,0,0.0040007343813796,0,0,0.0030005507860347,0,0,0.0030005507860347,0,0,0.0030005507860347,0,0,0,0,0,0,1000-10-10,12/5/99,364933,0,82000,14,9883.286,18880,2905
Nicaragua,NIC,1928,0,Liberal Party,,NA,Conservative Party,5,57.37,42.63,0,Jose Maria Moncada Tapia,Martin Benard,0,0,0,1,4,12,1928,2,12,1930,1,1,1929,1,1,1933,10,10,1000,1,1,1929,World Biographical Information Systems,1/1/29,1/1/33,1461,1/1/25,0.249828884325804,0,0.00322982172563918,0.249828884325804,0,0.00215321448375945,0.249828884325804,0,0.00861285793503781,0.249828884325804,0,0.00538303620939863,0,0,0.00430642896751891,0,0,0.00215321448375945,1,1,1,1,0,0,1000-10-10,1/1/29,339028,0,78,3,0,674,0
Nicaragua,NIC,1932,0,Liberal Party,,NA,Conservative Party,5,58.62,41.38,0,Juan Bautista Sacasa,Adolfo Dias,0,0,1,0,6,12,1932,7,11,1934,1,1,1933,9,6,1936,10,10,1000,1,1,1933,Wiki,1/1/33,6/9/36,1255,7/26/29,0,0,0.0042879505652165,0,0,0.00321596292391237,0,0,0.00964788877173712,0,0,0.00643192584782475,0,0,0.0042879505652165,0,0,0.00214397528260825,0,0,0,0,0,0,1000-10-10,1/1/33,340489,0,96,2,0,693,0
Nicaragua,NIC,1990,1,UNO,,3,FSLN,1,54.74,40.82,4.44,Violeta Barrios de Chamorro,Daniel Ortega Saavedra,0,1,0,1,25,3,1990,20,11,1996,25,4,1990,10,1,1997,10,1,1985,25,4,1990,Wiki,4/25/90,1/10/97,2452,8/8/83,0.446574225122349,0.744290375203915,0.756084930088037,0.446574225122349,0.744290375203915,0.756084930088037,0.744290375203915,0.893148450244698,0.945106162610047,0.744290375203915,0.893148450244698,0.945106162610047,0.595432300163132,0.744290375203915,0.756084930088037,0.446574225122349,0.744290375203915,0.756084930088037,0,0,1,1,0.00273972602739726,0.00273972602739726,1/10/85,4/25/90,1931,0,318000,28,2679.454,3871,865
Nicaragua,NIC,1996,1,AL,,3,FSLN,1,50.99,37.83,11.18,Arnoldo Aleman,Daniel Ortega Saavedra,0,0,0,0,20,11,1996,4,12,2001,10,1,1997,10,1,2002,25,4,1990,10,1,1997,Wiki,1/10/97,1/10/02,1826,1/11/92,0.399780941949617,0.599671412924425,0.446574225122349,0,0.599671412924425,0.446574225122349,0.599671412924425,0.799561883899233,0.744290375203915,0.199890470974808,0.799561883899233,0.744290375203915,0.799561883899233,0.599671412924425,0.595432300163132,0,0.599671412924425,0.446574225122349,0,0,1,0,0.00273972602739726,0.00273972602739726,4/25/90,1/10/97,2452,0,37000,14,3024.577,4238,1057
Nicaragua,NIC,2001,1,ConLib,,4,FSLN,1,56.3,42.3,1.3,Enrique Bolanos Geyer,Daniel Ortega Saavedra,0,0,1,0,4,12,2001,5,12,2006,10,1,2002,10,1,2007,10,1,1997,10,1,2002,Wiki,1/10/02,1/10/07,1826,1/10/97,0,0.399780941949617,0.399780941949617,0,0,0,0,0.599671412924425,0.599671412924425,0,0.199890470974808,0.199890470974808,0,0.799561883899233,0.799561883899233,0,0,0.199890470974808,0,0,0,0,0,0,1/10/97,1/10/02,1826,0,27000,16,3596.374,5174,1209
Nicaragua,NIC,2006,1,FSLN,,2,ALN,4,37.99,28.3,33.71,Jose Daniel Ortega Saavedra,Eduardo Montealegre,0,0,0,0,5,12,2006,31,12,2010,10,1,2007,31,12,2010,10,1,2002,10,1,2007,Wiki,1/10/07,12/31/10,1451,1/20/03,0,0,0,0,0,0,0.251550654720882,0,0,0,0,0,0.251550654720882,0,0,0,0,0,0,0,0,0,0,0,1/10/02,1/10/07,1826,0,35000,14,4189.669,5523,1320
Panama,PAN,1932,0,Liberal Doctrinaire Party,,NA,Liberal Renel Party-Chiarista Liberal Party,5,57.45,42.55,0,Harmodio Arias Madrid,Francisco Arias Paredes,0,0,0,0,5,7,1932,7,7,1936,5,6,1932,1,10,1936,10,10,1000,5,6,1932,http://portal.critica.com.pa/archivo/historia/persona4-4.html,6/5/32,10/1/36,1579,2/8/28,0,0,0,0,0,0,0,0,0.00107264920844366,0,0,0.00107264920844366,0,0,0.00107264920844366,0,0,0,0,0,0,0,0,0,1000-10-10,6/5/32,340279,0,43,0,0,501,0
Panama,PAN,1936,0,National Coalition,,NA,Popular Front,3,46.91,44.93,8.16,Juan Demostenes Arosemena Barreati,Domingo Diaz Arosemena,0,0,0,1,7,7,1936,11,6,1940,1,10,1936,16,12,1939,10,10,1000,1,10,1936,Wiki,10/1/36,12/16/39,1171,7/18/33,0,0,0,0,0,0,0,0,0.00106769477385347,0,0,0.00106769477385347,0,0,0.00106769477385347,0,0,0,0,0,1,0,0,0,1000-10-10,10/1/36,341858,0,42,0,0,561,0
Panama,PAN,1948,0,Liberal Union,,NA,Authentic Revolutionary Party,4,38.54,36.25,25.21,Domingo Diaz Arosemena,Arnulfo Arias Madrid,0,0,1,0,27,6,1948,11,6,1952,7,8,1948,28,7,1949,10,10,1000,7,8,1948,Wiki,8/7/48,7/28/49,355,8/18/47,0,0,0.00105434650736887,0,0,0.00105434650736887,0,0,0.00210869301473774,0,0,0.00210869301473774,0,0,0.00105434650736887,0,0,0,0,0,0,0,0,0,1000-10-10,8/7/48,346186,0,-9,0,9,767,0
Panama,PAN,1960,0,National Opposition Union,,NA,National Patriotic Coalition,5,41.43,35.61,22.96,Roberto Francisco Chiari Remon,Ricardo Manuel Arias Espinosa,0,0,0,1,20,6,1960,10,6,1964,1,10,1960,1,10,1964,10,10,1000,1,10,1960,Wiki,10/1/60,10/1/64,1461,10/1/56,0,0,0.00104100118645615,0,0,0.00104100118645615,0,0,0.00208200237291229,0,0,0.00208200237291229,0,0,0.00104100118645615,0,0,0,0,0,0,0,0,0,1000-10-10,10/1/60,350624,0,500,0,28,1126,269
Panama,PAN,1964,0,National Opposition Union,,NA,Panamenista Party,4,41.33,37.82,20.85,Marco Aurelio Robles,Arnulfo Arias Madrid,0,0,1,0,10,6,1964,12,6,1968,1,10,1964,1,10,1968,10,10,1000,1,10,1964,Wiki,10/1/64,10/1/68,1461,10/1/60,0,0,0.00103668148316458,0,0,0.00103668148316458,0,0,0.00207336296632915,0,0,0.00207336296632915,0,0,0.00103668148316458,0,0,0,0,0,0,0,0,0,1000-10-10,10/1/64,352085,0,600,3,52,1265,319
Panama,PAN,1968,0,National Union,,NA,Peoples Alliance,3,54.7,41.75,3.55,Arnulfo Arias,David Samudio Avila,0,0,0,0,12,6,1968,10,11,1972,1,10,1968,11,10,1968,10,10,1000,1,10,1968,World Biographical Information Systems,10/1/68,10/11/68,10,9/21/68,0,0,0.00103239748151584,0,0,0.00103239748151584,0,0,0.00206479496303168,0,0,0.00206479496303168,0,0,0.00103239748151584,0,0,0,0,0,0,0,0,0,1000-10-10,10/1/68,353546,0,900,5,4191,1421,345
Panama,PAN,1984,0,National Democratic Union,"Election may have been tampered with: ""Preelection reports suggested that the procedures enacted during 1982-1984 to ensure a free and fair national election would achieve that result. Events on and after election day, however, were tainted with fraud. The vote count was stopped early and then suspended three days later, on 9 May. On 12 May, the tallies stood at 319,671 for Nicols Ardito Barletta Vallarino and 314,714 for Arnulfo Arias, but the trend, with challenges, was favoring Arias. On 16 May, the Tribunal declared Barletta's victory. Of some 640,000 votes cast, they found Barletta the winner by 1,713 votes. The process looked suspicious: the announcement came ten days after the election, and one of the three members of the Tribunal abstained"".",NA,Democratic Opposition Party,4,46.98,46.71,6.31,Nicolas Ardito Barletta,Arnulfo Arias Madrid,0,0,0,0,6,6,1984,7,6,1989,11,10,1984,28,9,1985,10,10,1000,11,10,1984,Wiki,10/11/84,9/28/85,352,10/25/83,0,0,0.00203116304952699,0,0,0.00203116304952699,0,0,0.00304674457429048,0,0,0.00304674457429048,0,0,0.00203116304952699,0,0,0.00101558152476349,0,0,1,0,0,0,1000-10-10,10/11/84,359400,0,88009,11,3298.085,2122,624
Panama,PAN,1994,1,APU,,3,AD,4,33.3,29.09,37.61,Ernesto Perez Balladares,Mireya Moscoso de Gruber,0,0,0,0,8,6,1994,2,6,1999,1,9,1994,1,9,1999,20,12,1989,1,9,1994,Wiki,9/1/94,9/1/99,1826,9/1/89,0,0,0,0,0,0,0,0,0,0,0,0,0,0,0,0,0,0,0,0,0,0,0,0,12/20/89,9/1/94,1716,0,96000,11,3098.957,2583,728
Panama,PAN,1999,1,UPP,,3,ANN,2,44.81,37.82,17.37,Mireya Moscos,Martin Torrijos,0,0,0,0,2,6,1999,2,6,2004,1,9,1999,1,9,2004,1,9,1994,1,9,1999,Wiki,9/1/99,9/1/04,1827,8/31/94,0,0,0,0,0,0,0,0,0,0,0,0,0,0,0,0,0,0,0,0,0,0,0,0,9/1/94,9/1/99,1826,0,128000,13,5233.846,2812,802
Panama,PAN,2004,1,PN,,3,PS,4,47.44,30.86,21.7,Martin Torrijos,Guillermo Endara,0,0,0,0,2,6,2004,3,6,2009,1,9,2004,1,7,2009,1,9,1999,1,9,2004,Wiki,9/1/04,7/1/09,1764,11/3/99,0,0,0,0,0,0,0,0,0,0,0,0,0,0,0,0,0,0,0,0,0,0,0,0,9/1/99,9/1/04,1827,0,140000,0,1920.724,3172,929
Paraguay,PAR,1993,1,Colorado,,5,RadLib,3,41.6,33.5,24.9,Juan Carlos Wasmosy,Domingo Laino,0,0,1,0,9,6,1993,10,6,1998,15,8,1993,15,8,1998,3,2,1989,15,8,1993,Wiki,8/15/93,8/15/98,1826,8/15/88,0,0,0,0,0,0,0,0,0,0,0,0,0,0,0,0,0,0,0,0,0,0,0,0,2/3/89,8/15/93,1654,77,102000,16,6319.983,4575,602
Paraguay,PAR,1998,1,Colorado,,5,RadLib/Nat,3,55.3,43.9,0.8,Raul Cubas Grau,Domingo Laino,0,0,1,0,10,6,1998,27,5,2003,15,8,1998,28,3,1999,15,8,1993,15,8,1998,Wiki,8/15/98,3/28/99,225,1/2/98,0,0,0,0,0,0,0,0,0,0,0,0,0,0,0,0,0,0,0,0,0,0,0,0,8/15/93,8/15/98,1826,56,135000,16,10368.33,5222,1100
Paraguay,PAR,2003,1,Colorado,,5,RadLib,3,38.3,24.7,37,Nicanor Duarte,Julio Cesar Franco,0,0,0,1,27,5,2003,20,5,2008,15,8,2003,15,8,2008,28,3,1999,15,8,2003,Wiki,8/15/03,8/15/08,1827,8/14/98,0,0,0,0,0,0,0,0,0,0,0,0,0,0,0,0,0,0,0,0,0,0,0,0,3/28/99,8/15/03,1601,91,44000,19,10099.92,5677,1545
Paraguay,PAR,2008,1,Patriotic Alliance for Change,,2,Colorado Party,5,40.9,30.6,28.5,Fernando Lugo,Blanca Ovelar,0,0,0,1,20,5,2008,31,12,2010,15,8,2008,31,12,2010,15,8,2003,15,8,2008,Wiki,8/15/08,12/31/10,868,3/31/06,0,0,0,0,0,0,0,0,0,0,0,0,0,0,0,0,0,0,0,0,0,0,0,0,8/15/03,8/15/08,1827,95,100000,10,10154.61,6120,1730
Peru,PER,1931,0,Revolutionary Union,,NA,Peruvian Aprista Party,1,50.8,35.4,13.8,Luis Miguel Sanchez Cerro,Victor Raul Haya de la Torre,0,0,0,0,11,11,1931,30,4,1933,8,12,1931,30,4,1933,10,10,1000,8,12,1931,Wiki,12/8/31,4/30/33,509,7/17/30,0.717092337917485,0,0.0214643383250171,0.717092337917485,0,0.0139518199112611,1.43418467583497,0,0.0289768567387731,1.43418467583497,0,0.0203911214087663,1.43418467583497,0,0.0236107721575188,0.717092337917485,0,0.015025036827512,1,1,4,2,0.00547945205479452,0.00547945205479452,1000-10-10,12/8/31,340099,0,7000,11,346,5740,279
Peru,PER,1956,0,Pradist Democratic Movement,,NA,Democratic Youth Front,5,45.5,36.7,17.8,Manuel Prado Ugarteche,Fernando Belaunde Terry,0,0,0,0,17,7,1956,10,7,1962,28,7,1956,18,7,1962,10,10,1000,28,7,1956,Wiki,7/28/56,7/18/62,2181,8/8/50,0,0.836772122879413,0.0345032054036402,0,0.334708849151765,0.0230021369357602,0,1.0041265474553,0.0449587221926221,0,0.334708849151765,0.0303209986880475,0,0.167354424575883,0.0292754470091493,0,0.167354424575883,0.0198654818990656,0,0,0,0,0,0,1000-10-10,7/28/56,349098,0,56105,18,3533,9004,1381
Peru,PER,1963,0,Popular Action-Christian Democrat Party,,NA,Peruvian Aprista Party,1,39.1,34.4,26.5,Fernando Belaunde Terry,Victor Raul Haye de la Torre,0,0,0,1,9,7,1963,18,7,1968,28,7,1963,3,10,1968,10,10,1000,28,7,1963,Wiki,7/28/63,10/3/68,1894,5/21/58,0,0.192713833157339,0.0352903706484215,0,0.192713833157339,0.0238728977915792,0,0.192713833157339,0.0456698914273689,0,0.192713833157339,0.0311385623368425,0,0.192713833157339,0.0301006102589477,0,0.192713833157339,0.020759041557895,0,0,0,0,0,0,1000-10-10,7/28/63,351654,76,97465,65,4186,10826,2269
Peru,PER,1980,1,PopAct,,4,PopRev,1,44.9,27.2,27.9,Fernando Belaunde Terry,Armando Villanueva,0,0,0,0,18,6,1980,14,5,1985,28,7,1980,28,7,1985,30,8,1975,28,7,1980,Wiki,7/28/80,7/28/85,1826,7/29/75,0.399780941949617,0.399780941949617,0.406911928651059,0.399780941949617,0.199890470974808,0.20345596432553,0.399780941949617,0.999452354874042,1.01727982162765,0.399780941949617,0.599671412924425,0.610367892976589,0,0.399780941949617,0.406911928651059,0,0.199890470974808,0.20345596432553,1,1,1,1,0,0,8/30/75,7/28/80,1794,447,865330,151,18081.69,17324,6945
Peru,PER,2001,1,Possible,,3,PopRev,2,53.1,46.9,0,Alejandro Toledo Manrique,Alan Garcia Perez,0,0,0,0,3,7,2001,4,7,2006,28,7,2001,28,7,2006,28,7,1995,22,11,2000,Wiki,7/28/01,7/28/06,1826,7/28/96,0,0,0.187757201646091,0,0,0.187757201646091,0,0.399780941949617,0.563271604938272,0,0.199890470974808,0.375514403292181,0,0.399780941949617,0.563271604938272,0,0,0.187757201646091,0,0,0,0,0,0,7/28/95,11/22/00,1944,690,896000,100,22386.28,26367,12500
Peru,PER,2006,1,PAP,,2,UP,4,52.625,47.375,0,Alan Garcia Perez,Ollanta Humala Tasso,0,0,0,0,4,7,2006,31,12,2010,28,7,2006,31,12,2010,28,7,2001,28,7,2006,Wiki,7/28/06,12/31/10,1617,2/22/02,0,0,0,0,0,0,0,0,0,0,0,0,0,0,0,0,0,0,0,0,0,0,0,0,7/28/01,7/28/06,1826,896,1108000,80,31630.21,28151,13357
Philippines,PHI,1946,0,Nacionalista,,NA,Nacionalista,5,53.94,45.71,0.35,Manuel Roxas,Sergio Osmena,0,1,1,1,23,5,1946,8,12,1949,28,5,1946,15,4,1948,10,10,1000,28,5,1946,Wiki,5/28/46,4/15/48,688,7/9/44,0,0,0,0,0,0,0,0,0,0,0,0,0,0,0,0,0,0,0,0,0,0,0,0,1000-10-10,5/28/46,345384,0,17313,0,65,18434,1610
Philippines,PHI,1949,0,Liberal,,NA,Nacionalista,5,50.93,37.22,11.85,Elpidio Quirino,Jose P. Laurel,1,0,1,0,8,12,1949,10,12,1953,8,12,1949,30,12,1953,10,10,1000,8,12,1949,Wiki,12/8/49,12/30/53,1483,11/16/45,0,0,0,0,0,0,0.246122724207687,0,0,0.246122724207687,0,0,0,0,0,0,0,0,0,0,1,1,0,0,1000-10-10,12/8/49,346674,0,43519,28,183,19674,1896
Philippines,PHI,1957,0,Nacionalista,,NA,Liberal,3,41.28,27.62,31.1,Carlos P. Garcia,Jose Yulo,1,0,1,0,12,12,1957,12,9,1965,18,3,1957,30,12,1961,10,10,1000,18,3,1957,Wiki,3/18/57,12/30/61,1748,6/4/52,0.417620137299771,0,0,0.417620137299771,0,0,0.417620137299771,0,0.00104485430723297,0.417620137299771,0,0.00104485430723297,0.208810068649886,0,0,0.208810068649886,0,0,0,0,0,0,0,0,1000-10-10,3/18/57,349331,0,48592,58,1384,25030,2695
Philippines,PHI,1965,0,Nacionalista,,NA,Liberal,3,51.94,42.88,5.18,Ferdinand Marcos,Diosdado Macapagal,0,1,0,1,12,9,1965,11,12,1969,30,12,1965,30,12,1969,10,10,1000,30,12,1965,Wiki,12/30/65,12/30/69,1461,12/30/61,0.499657768651608,0,0.00207068701423952,0.249828884325804,0,0.00207068701423952,0.749486652977413,0,0.00310603052135928,0.249828884325804,0,0.00310603052135928,0.249828884325804,0,0.00103534350711976,0,0,0.00103534350711976,1,1,1,1,0,0,1000-10-10,12/30/65,352540,0,64838,46,6539,31881,3686
Philippines,PHI,1992,1,Lakas,,4,PRP,1,23.58,19.72,56.7,Fidel V. Ramos,Miriam Defensor-Santiago,0,0,0,0,11,6,1992,8,6,1995,30,6,1992,30,6,1998,25,2,1986,30,6,1992,Wiki,6/30/92,6/30/98,2191,7/1/86,0.166590597900502,0,0,0.166590597900502,0,0,0.333181195801004,0,0,0.333181195801004,0,0,0.499771793701506,0,0,0.166590597900502,0,0,0,0,0,0,0,0,2/25/86,6/30/92,2317,250,1100000,107,63427.95,65339,13652
Philippines,PHI,2004,1,Lakas,,4,KNP,4,39.99,36.51,23.5,Gloria Macapagal-Arroyo,Fernando Poe Jr.,1,0,1,1,10,6,2004,14,6,2007,30,6,2004,30,6,2010,20,1,2001,30,6,2004,Wiki,6/30/04,6/30/10,2191,7/1/98,0,0.499771793701506,0.290373906125696,0,0.333181195801004,0.290373906125696,0,0.499771793701506,0.290373906125696,0,0.333181195801004,0.290373906125696,0,0.83295298950251,0.580747812251392,0,0.333181195801004,0.290373906125696,0,0,0,0,0,0,1/20/01,6/30/04,1257,400,825000,106,86326.53,82664,23532
Philippines,PHI,2010,1,Liberal,,2,PMP,5,42.08,26.25,31.67,Benigno Aquino III,Joseph Estrada,0,0,0,0,10,6,2010,31,12,2010,30,6,2010,31,12,2010,30,6,2004,30,6,2010,Wiki,6/30/10,12/31/10,184,12/28/09,0,0,0,0,0,0,0,0,0,0,0,0,0,0,0,0,0,0,0,0,0,0,0,0,6/30/04,6/30/10,2191,718,1130000,106,85335.01,88706,25075
Portugal,POR,1980,1,Ind,,NA,SocialDem,5,56.4,40.2,3.4,Antonio Ramalho Eanes,Antonio Soares Carneiro,0,0,1,0,7,1,1981,25,5,1983,14,1,1981,9,3,1986,14,7,1976,14,1,1981,Wiki,1/14/81,3/9/86,1880,11/22/75,0,0,0,0,0,0,0,0,0,0,0,0,0,0,0,0,0,0,0,0,0,0,0,0,7/14/76,1/14/81,1645,663,867724,88,14831.28,9766,1159
Portugal,POR,1986,1,Socialist,,2,Peoples,4,51.2,48.8,0,Mario Soares,Diago Freitas do Amaral,0,0,1,0,16,3,1986,19,8,1987,9,3,1986,9,3,1991,14,1,1981,9,3,1986,Wiki,3/9/86,3/9/91,1826,3/9/81,0,0,0,0,0,0,0,0,0,0,0,0,0,0,0,0,0,0,0,0,0,0,0,0,1/14/81,3/9/86,1880,717,687930,101,38442.85,10011,1120
Portugal,POR,1996,1,Socialist,,2,SocialDem,4,53.9,46.1,0,Jorge Sampaio,Anibal Cavaco Silva,0,0,1,0,14,2,1996,10,11,1999,9,3,1996,9,3,2001,9,3,1991,9,3,1996,Wiki,3/9/96,3/9/01,1826,3/10/91,0.399780941949617,0.199890470974808,0.199781061850027,0.199890470974808,0,0,0.399780941949617,0.199890470974808,0.199781061850027,0.199890470974808,0,0,0.199890470974808,0.199890470974808,0.199781061850027,0.199890470974808,0,0.199781061850027,0,0,0,0,0,0,3/9/91,3/9/96,1827,857,2657000,73,68741.63,9927,1269
Russia,RUS,1996,0,Independent,,NA,Communist Party,NA,54.4,40.7,4.9,Boris Yeltsin,Gennady Zyuganov,1,0,1,0,3,8,1996,26,4,2000,9,8,1996,31,12,1999,10,10,1000,9,8,1996,Wiki,8/9/96,12/31/99,1239,3/19/93,3.24051654560129,2.06214689265537,0.0110387110964478,0.883777239709443,0.589184826472962,0.00401407676234466,3.24051654560129,2.06214689265537,0.0110387110964478,0.883777239709443,0.589184826472962,0.00401407676234466,1.76755447941889,0.589184826472962,0.0030105575717585,0.294592413236481,0,0.0030105575717585,3,2,3,2,0,0,1000-10-10,8/9/96,363720,49253,73990000,1300,1384603,147739,66982
South Korea,ROK,1963,0,Democratic Republican Party,,NA,Civil Rule Party,3,46.6,45.1,8.3,Park Chung-hee,Yun Bo-seon,1,0,1,0,26,12,1963,8,7,1967,17,12,1963,30,6,1967,10,10,1000,17,12,1963,Wiki,12/17/63,6/30/67,1291,6/4/60,1.41363284275755,1.13090627420604,0.0134879305051791,1.41363284275755,1.13090627420604,0.0114128642736131,1.41363284275755,1.41363284275755,0.0207506623156602,1.41363284275755,1.41363284275755,0.0186755960840942,1.13090627420604,1.69635941130906,0.0186755960840942,1.13090627420604,1.13090627420604,0.0124503973893961,2,2,2,2,0.00547945205479452,0.00547945205479452,1000-10-10,12/17/63,351796,160,100081,627,13640,27262,6766
South Korea,ROK,1967,0,Democratic Republican Party,,NA,New Democratic Party,3,51.4,40.9,7.7,Park Chung-hee,Yun Bo-seon,1,0,1,0,8,7,1967,27,5,1971,1,7,1967,1,7,1971,10,10,1000,1,7,1967,Wiki,7/1/67,7/1/71,1461,7/1/63,0,1.49897330595483,0.0186072593800979,0,1.49897330595483,0.0165397861156426,0.249828884325804,1.49897330595483,0.0258434158056915,0.249828884325804,1.49897330595483,0.0237759425412362,0.249828884325804,1.24914442162902,0.0227422059090085,0,1.24914442162902,0.0165397861156426,0,0,0,0,0,0,1000-10-10,7/1/67,353088,300,176991,612,18635,30131,7052
South Korea,ROK,1971,0,Democratic Republican Party,,NA,New Democratic Party,1,53.2,45.3,1.5,Park Chung-hee,Kim Dae-jung,1,0,1,0,27,5,1971,23,12,1973,1,7,1971,26,12,1972,10,10,1000,1,7,1971,Wiki,7/1/71,12/26/72,544,1/3/70,0,0,0.01853058392493,0,0,0.0164716301554933,0,0.670955882352941,0.0267663990026766,0,0.670955882352941,0.02470744523324,0,0.670955882352941,0.0236779683485216,0,0,0.0164716301554933,0,0,0,0,0,0,1000-10-10,7/1/71,354549,472,318782,638,35254.15,32883,11294
South Korea,ROK,1987,0,Democratic Justice Party,,NA,Reunification Democratic Party,3,36.6,28,35.4,Roh Tae-woo,Kim Young-sam,0,0,1,0,16,1,1988,26,5,1988,25,2,1988,25,2,1993,10,10,1000,25,2,1988,Wiki,2/25/88,2/25/93,1827,2/24/83,0.199781061850027,0.399562123700055,0.0222664655382772,0,0.399562123700055,0.0202422413984339,0.399562123700055,0.799124247400109,0.0374481465871026,0.199781061850027,0.799124247400109,0.0354239224472593,0.599343185550082,0.399562123700055,0.0323875862374942,0,0,0.0182180172585905,0,0,1,0,0,0,1000-10-10,2/25/88,360632,19481,6970000,604,204820.8,41622,27307
South Korea,ROK,1992,1,DemLib,,4,Dem,1,42,33.8,24.2,Kim Young-sam,Kim Dae-jung,0,0,1,0,18,1,1993,11,5,1996,25,2,1993,25,2,1998,25,2,1988,24,2,1993,Wiki,2/25/93,2/25/98,1826,2/26/88,0.399780941949617,0.199890470974808,0.199890470974808,0,0,0,0.799561883899233,0.399780941949617,0.399780941949617,0.199890470974808,0.199890470974808,0.199890470974808,0.199890470974808,0.599671412924425,0.599671412924425,0,0,0.199890470974808,1,0,2,0,0,0,2/25/88,2/24/93,1826,29557,11400000,750,403779.6,43748,31659
South Korea,ROK,1997,1,NatCon,,2,GrandNat,4,40.3,38.7,21,Kim Dae-jung,Lee Hoi-chang,0,0,0,1,19,1,1998,13,5,2000,25,2,1998,24,2,2003,25,2,1993,24,2,1998,Wiki,2/25/98,2/24/03,1825,2/26/93,0.2,0.4,0.4,0,0,0,0.4,0.8,0.8,0.2,0.2,0.2,0.6,0.2,0.2,0,0,0.2,0,0,1,0,0,0,2/25/93,2/24/98,1825,42554,15334000,670,711151.7,45991,31339
South Korea,ROK,2002,1,MilDem,,2,GrandNat,4,48.91,46.59,4.5,Ron Moo-hyun,Lee Hoi-chang,0,0,1,0,19,1,2003,15,5,2004,25,2,2003,25,2,2008,25,2,2003,12,3,2004,Wiki,5/14/04,2/25/08,1826,8/1/00,0.1998904,0,0,0,0,0,0.5996712,0.1998904,0,0.1998904,0.1998904,0,0,0.1998904,0,0,0,0,0,0,1,0,0,0,2/25/03,3/12/04,381,45390,13081000,686,783201.1,47622,24694
South Vietnam,RVN,1967,0,National Social Democratic Front,,NA,Independent,NA,34.8,17.2,48,Nguyen Van Thieu,Truong Dinh Dzu,1,0,1,0,3,10,1967,2,11,1971,3,10,1967,21,4,1975,10,10,1000,3,10,1967,Wiki,10/3/67,4/21/75,2757,3/16/60,0.529561117156329,0.794341675734494,0.0103346150143552,0.397170837867247,0.661951396445412,0.00930115351291968,0.529561117156329,1.05912223431266,0.0134349995186618,0.397170837867247,0.794341675734494,0.0103346150143552,0.264780558578165,0.926731955023576,0.0124015380172262,0.132390279289082,0.529561117156329,0.00930115351291968,1,1,1,1,0,0,1000-10-10,10/3/67,353182,NA,NA,NA,NA,NA,NA
Taiwan,TAW,2000,1,DemProg,,2,Ind,4,39.3,36.8,23.9,Chen Shui-vian,James Soong,0,0,0,0,18,4,2000,1,1,2002,20,5,2000,20,5,2004,20,5,1996,20,5,2000,Wiki,5/20/00,5/20/04,1461,5/20/96,0.749486652977413,0,0,0,0,0,0.999315537303217,0.249828884325804,0.249828884325804,0,0,0,0.749486652977413,0.249828884325804,0.249828884325804,0,0,0,0,0,1,0,0,0,5/20/96,5/20/00,1461,16896,17597000,370,18350.34,21875,13302
Taiwan,TAW,2004,1,DemProg,,2,Kuom,4,50.11,49.89,0,Chen Shui-vian,Lien Chan,1,0,1,0,20,4,2004,11,1,2005,20,5,2004,20,5,2008,20,5,2000,20,5,2004,Wiki,5/20/04,5/20/08,1461,5/20/00,0.499657768651608,0.749486652977413,0.749486652977413,0,0,0,0.499657768651608,0.999315537303217,0.999315537303217,0,0,0,0.499657768651608,0.749486652977413,0.749486652977413,0,0,0.749486652977413,0,0,0,0,0,0,5/20/00,5/20/04,1461,19599,7542000,290,23031.12,22689,13511
Taiwan,TAW,2008,1,Kuom,,4,DemProg,2,58.45,41.55,0,Ma Ying-jeou,Frank Hsieh,0,0,0,1,22,4,2008,31,12,2010,20,5,2008,31,12,2010,20,5,2004,20,5,2008,Wiki,5/20/08,12/31/10,955,10/8/05,0.382198952879581,0,0.499657768651608,0,0,0,0.382198952879581,0,0.499657768651608,0,0,0,0.382198952879581,0,0.499657768651608,0,0,0.499657768651608,1,0,1,0,0.00273972602739726,0,5/20/04,5/20/08,1461,20903,9585000,290,26541.71,22958,13513
Togo,TOG,1998,0,Rally for the Togolese People,,NA,Union of Forces for Change,NA,52.1,34.2,13.7,Gnassingbe Eyadema,Gilchrist Olympio,1,0,1,0,21,7,1998,1,7,2003,21,7,1998,1,7,2003,10,10,1000,21,7,1998,Wiki,7/21/98,7/1/03,1806,8/10/93,0,0.404208194905869,0.00300468401425784,0,0,0.00100156133808595,0,0.404208194905869,0.00500780669042974,0,0,0.00300468401425784,0,0,0.00100156133808595,0,0,0.00100156133808595,0,0,0,0,0,0,1000-10-10,7/21/98,364431,0,35000,12,2283.844,4397,553
Uruguay,URU,1938,0,Colorado Party,,NA,Colorado Party,4,33.9,27.4,38.7,Alfredo Baldomir,Bianco Acevedo,0,0,1,0,28,4,1938,29,12,1942,19,6,1938,1,3,1943,10,10,1000,19,6,1938,Wiki,6/19/38,3/1/43,1716,10/7/33,0,0,0,0,0,0,0.212703962703963,0,0,0.212703962703963,0,0,0,0,0,0,0,0,0,0,0,0,0,0,1000-10-10,6/19/38,342484,0,5082,9,38,1930,569
Uruguay,URU,1942,0,Colorado Party,,NA,National Party,5,40.7,22.5,36.8,Juan Jose de Amezaga,Luis Alberto de Herrera,0,0,1,0,29,12,1942,24,12,1946,1,3,1943,1,3,1947,10,10,1000,1,3,1943,Wiki,3/1/43,3/1/47,1461,3/1/39,0.249828884325804,0,0,0.249828884325804,0,0,0.249828884325804,0.249828884325804,0.00106042998256827,0.249828884325804,0.249828884325804,0.00106042998256827,0,0,0,0,0,0,0,0,0,0,0,0,1000-10-10,3/1/43,344200,0,12565,-9,37,2010,627
Uruguay,URU,1946,0,Colorado Party,,NA,National Party,5,47.8,32,20.2,Tomas Berreta,Luis Alberto de Herrera,0,0,1,0,24,12,1946,26,12,1950,1,3,1947,2,8,1947,10,10,1000,1,3,1947,Wiki,3/1/47,8/2/47,154,9/28/46,0,0,0.00105594787956987,0,0,0.00105594787956987,0,0,0.00211189575913974,0,0,0.00211189575913974,0,0,0,0,0,0,0,0,0,0,0,0,1000-10-10,3/1/47,345661,0,10531,6,43,2100,695
Uruguay,URU,1950,0,Colorado Party,,NA,Colorado Party,4,19.6,18.3,62.1,Andres Martinez Trueba,Cesar Mayo Guitierrez,0,0,1,0,26,12,1950,26,12,1954,1,3,1951,1,3,1955,10,10,1000,1,3,1951,Wiki,3/1/51,3/1/55,1461,3/1/47,0,0,0.00105150350597196,0,0,0.00105150350597196,0,0,0.00210300701194393,0,0,0.00210300701194393,0,0,0,0,0,0,0,0,0,0,0,0,1000-10-10,3/1/51,347122,0,16553,6,76,2196,776
Uruguay,URU,1966,1,Colorado,,4,Nat,5,49.3,40.3,10.4,Oscar Diego Gestido,Martin Echegoyen,0,0,0,0,27,12,1966,1,1,1970,1,3,1966,28,2,1967,10,10,1000,1,3,1966,Wiki,3/1/66,2/28/67,364,3/2/65,0,0,0.00103516439261375,0,0,0.00103516439261375,0,0,0.0020703287852275,0,0,0.0020703287852275,0,0,0,0,0,0,0,0,0,0,0,0,1000-10-10,3/1/66,352601,10,25042,14,236,2721,1163
Uruguay,URU,1971,0,Colorado Party,,NA,National Party,5,41,40.2,18.8,Juan Maria Bordaberry,Wilson Ferreira Aldunate,0,0,1,0,28,12,1971,12,6,1976,1,3,1972,12,6,1976,10,10,1000,1,3,1972,Wiki,3/1/72,6/12/76,1564,11/19/67,0.233375959079284,0,0.001028768887774,0,0,0.001028768887774,0.233375959079284,0,0.002057537775548,0,0,0.002057537775548,0.233375959079284,0.233375959079284,0.001028768887774,0,0,0,1,0,1,0,0,0,1000-10-10,3/1/72,354793,15,74615,19,3685.424,2818,1182
Uruguay,URU,1984,0,Colorado Party,,NA,National Party,4,31.2,29.7,39.1,Julio Maria Sanguinetti,Jorge Pacheco Areco,0,0,0,0,25,12,1984,26,12,1989,1,3,1985,1,3,1990,10,10,1000,1,3,1985,Wiki,3/1/85,3/1/90,1826,3/1/80,0,0,0.00203036649505898,0,0,0.00101518324752949,0,0,0.00304554974258847,0,0,0.00203036649505898,0,0,0.00203036649505898,0,0,0.00101518324752949,0,0,0,0,0,0,1000-10-10,3/1/85,359541,41,148775,30,3967.897,2989,1219
Uruguay,URU,1989,0,National Party,,NA,Colorado Party,4,37.25,29.03,33.72,Luis Alberto Lacalle,Jorge Batlle Ibanez,0,0,0,1,26,12,1989,27,12,1994,1,3,1990,1,3,1995,10,10,1000,1,3,1990,Wiki,3/1/90,3/1/95,1826,3/1/85,0,0,0.00202010698265199,0,0,0.00101005349132599,0,0,0.00303016047397798,0,0,0.00202010698265199,0,0,0.00202010698265199,0,0,0.00101005349132599,0,0,0,0,0,0,1000-10-10,3/1/90,361367,37,220973,27,3543.354,3077,1324
Uruguay,URU,1994,0,Colorado Party,,NA,National Party,4,32.3,31.2,36.5,Julio Maria Sanguinetti,Alberto Volonte,0,0,0,1,27,12,1994,29,12,1999,1,3,1995,1,3,2000,10,10,1000,1,3,1995,Wiki,3/1/95,3/1/00,1827,2/28/90,0,0,0.00200995063230844,0,0,0.00100497531615422,0,0,0.00301492594846266,0,0,0.00200995063230844,0,0,0.00200995063230844,0,0,0.00100497531615422,0,0,0,0,0,0,1000-10-10,3/1/95,363193,36,339000,25,2520.114,3167,1326
Uruguay,URU,1999,0,Colorado Party,,NA,Broad Front,4,54.1,45.9,0,Tabare Vazquez,Jorge Batlle Ibanez,0,0,1,0,29,12,1999,30,11,2004,1,3,2000,1,3,2005,10,10,1000,1,3,2000,Wiki,3/1/00,3/1/05,1826,3/2/95,0,0,0.00199989041696345,0,0,0.000999945208481727,0,0,0.00299983562544518,0,0,0.00199989041696345,0,0,0.00199989041696345,0,0,0.000999945208481727,0,0,0,0,0,0,1000-10-10,3/1/00,365020,45,317000,24,4623.104,3313,1337
Uruguay,URU,2004,1,BF-PE,,4,Nat,5,51.7,35.1,13.2,Tabare Vazquez,Jorge Larranaga,0,0,0,0,30,11,2004,1,1,2008,1,3,2005,1,3,2010,1,3,2000,1,3,2005,Wiki,3/1/05,3/1/10,1826,3/1/00,0,0,0,0,0,0,0,0,0,0,0,0,0,0,0,0,0,0,0,0,0,0,0,0,3/1/00,3/1/05,1826,58,188000,24,5487.53,3302,1366
Uruguay,URU,2009,1,BF,,4,Nat,5,54.63,45.37,0,Jose Mujica,Luis Alberto Lacalle,0,0,1,0,29,12,2009,31,12,2010,1,3,2010,31,12,2010,1,3,2005,1,3,2010,Wiki,3/1/10,12/31/10,305,4/30/09,0,0,0,0,0,0,0,0,0,0,0,0,0,0,0,0,0,0,0,0,0,0,0,0,3/1/05,3/1/10,1826,71,304000,25,5454.579,3324,1350
USA,USA,1813,1,DemRep,,3,DemRep,3,128,89,0,James Madison,Dewitt Clinton,1,0,0,0,4,3,1813,4,3,1817,4,3,1813,4,3,1817,4,3,1809,4,3,1813,Wiki,1813-03-04,1817-03-04,1461,1809-03-04,0.249828884325804,0,0,0.249828884325804,0,0,0.249828884325804,0,0,0.249828884325804,0,0,0.249828884325804,0,0,0.249828884325804,0,0,0,0,0,0,0,0,1809-03-04,1813-03-04,1461,NA,NA,NA,NA,NA,NA
USA,USA,1849,1,Whig,,3,Dem,1,163,127,0,Zachary Taylor,Lewis Class,0,0,0,1,4,3,1849,4,3,1851,4,3,1849,9,7,1850,4,3,1845,4,3,1849,Wiki,1849-03-04,1850-07-09,492,1847-10-29,0,0,0,0,0,0,0.741869918699187,0,0,0,0,0,0,0,0.249828884325804,0,0,0,0,0,0,0,0,0,1845-03-04,1849-03-04,1461,660,3558,23,6976,22631,1081
USA,USA,1877,1,Rep,,4,Dem,1,185,184,0,Rutherford B. Hayes,Samuel J. Tilden,0,0,1,0,4,3,1877,4,3,1879,4,3,1877,4,3,1881,4,3,1873,4,3,1877,Wiki,1877-03-04,1881-03-04,1461,1873-03-04,0.499657768651608,0.999315537303217,0.999315537303217,0,0.249828884325804,0.249828884325804,0.749486652977413,1.24914442162902,1.24914442162902,0,0.249828884325804,0.249828884325804,0.499657768651608,0.999315537303217,0.999315537303217,0,0.249828884325804,0.999315537303217,0,0,0,0,0,0,1873-03-04,1877-03-04,1461,2100,9074,34,56754,47141,5495
USA,USA,1881,1,Rep,,5,Dem,1,214,155,0,James A. Garfield,Winfield S. Hancock,0,0,1,0,4,3,1881,4,3,1883,4,3,1881,19,9,1881,4,3,1877,4,3,1881,Wiki,1881-03-04,1881-09-19,199,1880-08-17,0,1.83417085427136,0.499657768651608,0,0,0,0,3.66834170854271,0.749486652977413,0,0,0,0,1.83417085427136,0.499657768651608,0,0,0.499657768651608,0,0,0,0,0.00273972602739726,0,1877-03-04,1881-03-04,1461,4211,11973,38,81416,51542,6494
USA,USA,1885,1,Dem,,1,Rep,5,219,182,0,Grover Cleveland,James G. Blaine,0,0,0,1,4,3,1885,4,3,1887,4,3,1885,4,3,1889,19,9,1881,4,3,1885,Wiki,1885-03-04,1889-03-04,1461,1881-03-04,0.249828884325804,0.499657768651608,0.578446909667195,0,0,0,0.999315537303217,0.499657768651608,0.578446909667195,0.249828884325804,0,0,0,0.499657768651608,0.578446909667195,0,0,0.578446909667195,1,0,2,0,0,0,1881-09-19,1885-03-04,1262,4110,9748,39,103359,56658,7761
USA,USA,1889,1,Rep,,5,Dem,1,233,168,0,Benjamin Harrison,Grover Cleveland,0,1,0,1,4,3,1889,4,3,1891,4,3,1889,4,3,1893,4,3,1885,4,3,1889,Wiki,1889-03-04,1893-03-04,1461,1885-03-04,0.749486652977413,0.249828884325804,0.249828884325804,0,0,0,0.749486652977413,0.999315537303217,0.999315537303217,0,0.249828884325804,0.249828884325804,0.499657768651608,0,0,0,0,0,1,0,1,0,0.00273972602739726,0,1885-03-04,1889-03-04,1461,7726,13195,39,133959,61775,9275
USA,USA,1917,1,Dem,,2,Rep,5,277,254,0,Woodrow Wilson,Charles E. Hughes,1,0,1,0,4,3,1917,4,3,1919,4,3,1917,4,3,1921,4,3,1913,4,3,1917,Wiki,3/4/17,3/4/21,1461,3/4/13,1.49897330595483,1.99863107460643,1.99863107460643,0.999315537303217,1.49897330595483,1.49897330595483,1.99863107460643,2.49828884325804,2.49828884325804,1.49897330595483,1.99863107460643,1.99863107460643,0.999315537303217,1.74880219028063,1.74880219028063,0.749486652977413,1.24914442162902,1.49897330595483,2,2,3,3,0.00547945205479452,0.00547945205479452,3/4/13,3/4/17,1461,45784,658584,644,710959,103268,25310
USA,USA,1961,1,Dem,,4,Rep,5,303,219,0,John F. Kennedy,Richard Nixon,0,0,0,1,20,1,1961,3,1,1963,20,1,1961,22,11,1963,20,1,1957,20,1,1961,Wiki,1/20/61,11/22/63,1036,3/21/58,1.76158301158301,2.11389961389961,1.99863107460643,0.352316602316602,0,0,3.87548262548263,3.52316602316602,3.74743326488706,1.05694980694981,0,0.249828884325804,1.05694980694981,1.05694980694981,0.999315537303217,0.352316602316602,0,0.249828884325804,3,0,5,0,0.00547945205479452,0,1/20/57,1/20/61,1461,88917,47808000,2307,1447002,183691,50941
USA,USA,1977,1,Dem,,4,Rep,5,297,240,0,Jimmy Carter,Gerald Ford,0,1,0,1,20,1,1977,3,1,1979,20,1,1977,20,1,1981,9,8,1974,20,1,1977,Wiki,1/20/77,1/20/81,1461,1/20/73,0.999315537303217,1.74880219028063,2.44692737430168,0.249828884325804,1.24914442162902,2.0391061452514,2.49828884325804,2.49828884325804,3.67039106145251,0.499657768651608,1.99863107460643,3.26256983240223,0.499657768651608,1.24914442162902,2.0391061452514,0,0.999315537303217,2.0391061452514,1,1,3,1,0,0,8/9/74,1/20/77,895,113701,100925000,2060,2805234,220239,55713
USA,USA,2001,1,Rep,,4,Dem,1,271,266,0,George W. Bush,Al Gore,0,0,0,1,20,1,2001,3,1,2003,20,1,2001,20,1,2005,20,1,1997,20,1,2001,Wiki,1/20/01,1/20/05,1461,1/20/97,2.24845995893224,2.74811772758385,2.74811772758385,1.24914442162902,1.49897330595483,1.49897330595483,3.24777549623546,3.74743326488706,3.74743326488706,1.74880219028063,1.49897330595483,1.49897330595483,1.49897330595483,1.99863107460643,1.99863107460643,0.499657768651608,1.49897330595483,1.99863107460643,1,1,4,1,0.00273972602739726,0.00273972602739726,1/20/97,1/20/01,1461,90104,322365000,1368,5224415,285112,76419
USA,USA,2005,1,Rep,,4,Dem,1,286,251,0,George W. Bush,John F.Kerry,1,0,1,0,20,1,2005,3,1,2007,20,1,2005,20,1,2009,20,1,2001,20,1,2005,Wiki,1/20/05,1/20/09,1461,1/20/01,2.24845995893224,2.24845995893224,2.24845995893224,2.24845995893224,1.24914442162902,1.24914442162902,2.49828884325804,3.24777549623546,3.24777549623546,2.49828884325804,1.74880219028063,1.74880219028063,2.24845995893224,1.49897330595483,1.49897330595483,1.99863107460643,0.499657768651608,1.24914442162902,2,2,3,3,0.00821917808219178,0.00821917808219178,1/20/01,1/20/05,1461,94897,495326000,1473,5529642,295896,80805
Venezuela,VEN,1958,1,Democratic Action,,3,URD,2,49.2,34.6,16.2,Romulo Betancourt,Wolfgang Larrazabal,0,0,1,0,7,1,1959,1,1,1964,13,2,1959,13,3,1964,2,12,1952,23,1,1958,Wiki,2/13/59,3/13/64,1855,1/15/54,0.196765498652291,0,0,0,0,0,0.196765498652291,0,0,0,0,0,0.196765498652291,0,0,0,0,0,1,0,1,0,0.00273972602739726,0,12/2/52,1/23/58,1878,0,179403,18,97014,6830,1904
Venezuela,VEN,1963,1,Democratic Action,,3,Copei,3,32.8,20.2,47,Raul Leoni,Rafael Caldera,0,0,1,0,1,1,1964,1,1,1969,13,3,1964,11,3,1969,13,2,1959,13,3,1964,Wiki,3/13/64,3/11/69,1824,3/16/59,0.800438596491228,0.200109649122807,0.196765498652291,0.600328947368421,0,0,1.00054824561404,0.200109649122807,0.196765498652291,0.800438596491228,0,0,0.800438596491228,0.200109649122807,0.196765498652291,0.600328947368421,0,0.196765498652291,0,0,0,0,0,0,2/13/59,3/13/64,1855,364,182985,35,132914,8144,2285
Venezuela,VEN,1968,1,Copei,Gonzalo Barrios should perhaps be changed to center as well.,3,Democratic Action,3,29.1,28.2,42.7,Rafael Caldera,Gonzalo Barrios,0,0,0,1,1,1,1969,9,1,1974,11,3,1969,12,3,1974,13,3,1964,11,3,1969,Wiki,3/11/69,3/12/74,1827,3/10/64,0.199781061850027,0.799124247400109,0.800438596491228,0.199781061850027,0.599343185550082,0.600328947368421,0.199781061850027,0.998905309250137,1.00054824561404,0.199781061850027,0.799124247400109,0.800438596491228,0.199781061850027,0.799124247400109,0.800438596491228,0.199781061850027,0.599343185550082,0.800438596491228,1,1,1,1,0.00273972602739726,0,3/13/64,3/11/69,1824,860,198667,40,155036,9686,2525
Venezuela,VEN,1973,1,Democratic Action,,3,Copei,4,48.7,36.7,14.6,Carlos Andres Perez,Leonardo Fernandez,0,0,0,1,9,1,1974,3,1,1979,12,3,1974,12,3,1979,11,3,1969,12,3,1974,http://www.el-nacional.com/aniversario-72/Lorenzo-Fernandez_0_676132448.html,3/12/74,3/12/79,1826,3/12/69,0.199890470974808,0.199890470974808,0.199781061850027,0,0.199890470974808,0.199781061850027,0.199890470974808,0.199890470974808,0.199781061850027,0,0.199890470974808,0.199781061850027,0.199890470974808,0.199890470974808,0.199781061850027,0,0.199890470974808,0.199781061850027,0,0,0,0,0,0,3/11/69,3/12/74,1827,907,304100,50,173331.1,11574,4472
Venezuela,VEN,1978,1,Copei,Consider Luis Pinerua Ordaz changed to 3 too.,3,Democratic Action,3,46.6,43.3,10.1,Luis Herrera Campins,Luis Pinerua Ordaz,0,0,0,1,3,1,1979,4,1,1984,12,3,1979,2,2,1984,12,3,1974,12,3,1979,Wiki,3/12/79,2/2/84,1788,4/19/74,0.61241610738255,0.20413870246085,0.199890470974808,0.4082774049217,0,0,0.61241610738255,0.20413870246085,0.199890470974808,0.4082774049217,0,0,0.61241610738255,0.20413870246085,0.199890470974808,0.4082774049217,0,0.199890470974808,0,0,0,0,0,0,3/12/74,3/12/79,1826,860,589866,55,128662.9,12122,5604
Venezuela,VEN,1988,1,Democratic Action,,3,Copei,3,52.9,40.4,6.7,Carlos Andres Perez,Eduardo Fernandez,0,0,1,1,4,1,1989,5,1,1994,2,2,1989,21,5,1993,2,2,1984,2,2,1989,Wiki,2/2/89,5/21/93,1569,10/17/84,0,0.232632249840663,0.199781061850027,0,0,0,0,0.697896749521989,0.599343185550082,0,0.465264499681326,0.399562123700055,0,0.232632249840663,0.199781061850027,0,0,0.199781061850027,0,0,0,0,0,0,2/2/84,2/2/89,1827,3650,647000,73,145872.9,18157,7217
Venezuela,VEN,1992,1,National Convergence,,4,Democratic Action,2,30.5,23.6,45.9,Rafael Caldera,Claudio Fermin,0,0,0,1,5,1,1994,8,12,1998,2,2,1994,2,2,1999,2,2,1989,21,5,1993,Wiki,2/2/94,2/2/99,1826,2/2/89,0.799561883899233,0.199890470974808,0,0.799561883899233,0.199890470974808,0,0.799561883899233,0.199890470974808,0,0.799561883899233,0.199890470974808,0,0.799561883899233,0,0,0.799561883899233,0,0,0,0,0,0,0,0,2/2/89,5/21/93,1569,2446,1500000,75,141019.8,20249,8775
Venezuela,VEN,1998,1,Fifth Repubic Movement,,1,Project Venezuela,5,56.2,40,3.8,Hugo Chavez,Henrique Salas Romer,0,0,0,0,8,12,1998,30,8,2000,2,2,1999,30,8,2000,2,2,1994,2,2,1999,Wiki,2/2/99,8/30/00,575,7/7/97,1.2695652173913,0,0.799561883899233,0.634782608695652,0,0.799561883899233,1.2695652173913,0,0.799561883899233,0.634782608695652,0,0.799561883899233,1.2695652173913,0,0.799561883899233,0.634782608695652,0,0.799561883899233,2,1,2,1,0.00547945205479452,0.00273972602739726,2/2/94,2/2/99,1826,3553,1333000,75,208426.7,23242,11143
Zimbabwe,ZIM,2002,0,Zimbabwe African National Union-Patriotic Front,,NA,Movement for Democratic Change,NA,56.2,42,1.8,Robert Mugabe,Morgan Tsvangirai,1,0,1,0,11,4,2002,27,7,2008,11,4,2002,27,7,2008,10,10,1000,11,4,2002,Wiki,4/11/02,7/27/08,2299,12/25/95,0,0.158764680295781,0.0149675634446993,0,0.158764680295781,0.0109762131927795,0,0.158764680295781,0.0169632385706592,0,0.158764680295781,0.0129718883187394,0,0,0.00698486294085967,0,0,0.00698486294085967,0,0,1,0,0,0,1000-10-10,4/11/02,365791,105,920000,26,14731.79,12813,2424
,,,,,,,,,,,,,,,,,,,,,,,,,,,,,,,,,,,,,,,,,,,,,,,,,,,,,,,,,,,,,,,,,,,,,,,,,
